Date,Product,Category,Region,Units,Amount
2025-12-08,Notebook Set,Stationery,South,8,4544.0
2025-11-04,Study Desk,Furniture,West,1,17188.0
2025-03-07,Air Fryer,Appliances,Central,4,52296.0
2025-09-06,Laptop,Electronics,North,3,266127.0
2025-08-16,Notebook Set,Stationery,West,4,3560.0
2025-06-25,Jacket,Apparel,East,1,4586.0
2025-07-11,Laptop,Electronics,West,3,257850.0
2025-08-08,Jacket,Apparel,Central,3,24090.0
2025-12-23,Study Desk,Furniture,South,1,19659.0
2025-10-12,Backpack,Stationery,Central,3,10443.0
2025-11-20,Office Chair,Furniture,North,4,61736.0
2025-09-26,Laptop,Electronics,South,5,472525.0
2025-06-30,Microwave,Appliances,North,3,48327.0
2025-12-10,Air Fryer,Appliances,South,4,26908.0
2025-10-18,Office Chair,Furniture,North,3,33873.0
2025-04-21,Jacket,Apparel,West,6,35058.0
2025-08-06,Air Fryer,Appliances,West,3,32736.0
2025-04-04,Backpack,Stationery,Central,1,2258.0
2025-07-31,Air Fryer,Appliances,West,1,10211.0
2025-02-04,Backpack,Stationery,East,2,8606.0
2025-10-25,Office Chair,Furniture,Central,2,18466.0
2025-06-15,Notebook Set,Stationery,West,1,483.0
2025-04-30,Study Desk,Furniture,South,4,72264.0
2025-07-07,Laptop,Electronics,North,2,161728.0
2025-05-30,Bookshelf,Furniture,West,6,64650.0
2025-01-19,Office Chair,Furniture,West,2,25758.0
2025-06-06,Microwave,Appliances,Central,3,40098.0
2025-02-08,T-Shirt,Apparel,North,1,1434.0
2025-06-28,Jacket,Apparel,West,5,21475.0
2025-02-25,Air Fryer,Appliances,East,2,22160.0
2025-04-02,Air Fryer,Appliances,North,1,11746.0
2025-03-25,Laptop,Electronics,North,2,115698.0
2025-09-15,Bookshelf,Furniture,West,2,14516.0
2025-01-28,Office Chair,Furniture,East,5,43355.0
2025-09-23,Office Chair,Furniture,West,2,25238.0
2025-10-31,Microwave,Appliances,East,5,81665.0
2025-12-02,Air Fryer,Appliances,Central,2,18044.0
2025-03-28,Blender,Appliances,West,3,15420.0
2025-11-29,Air Fryer,Appliances,West,1,8209.0
2025-03-24,Blender,Appliances,West,4,18568.0
2025-09-30,Running Shoes,Apparel,North,3,14646.0
2025-09-16,Running Shoes,Apparel,South,1,5566.0
2025-06-13,Notebook Set,Stationery,North,1,243.0
2025-07-22,Headphones,Electronics,Central,4,10668.0
2025-03-23,Running Shoes,Apparel,West,5,27640.0
2025-01-27,Running Shoes,Apparel,Central,4,15012.0
2025-11-20,Laptop,Electronics,South,2,140952.0
2025-11-05,Backpack,Stationery,East,9,31563.0
2025-04-04,Running Shoes,Apparel,North,6,29928.0
2025-05-10,Blender,Appliances,South,3,30573.0
2025-09-03,Study Desk,Furniture,South,2,39034.0
2025-10-24,Microwave,Appliances,South,3,33939.0
2025-03-20,Microwave,Appliances,East,5,66560.0
2025-06-04,Laptop,Electronics,North,4,336908.0
2025-05-07,T-Shirt,Apparel,West,2,2288.0
2025-05-16,Running Shoes,Apparel,Central,3,19239.0
2025-06-25,T-Shirt,Apparel,East,4,2540.0
2025-12-26,Microwave,Appliances,South,2,25710.0
2025-04-22,Office Chair,Furniture,Central,4,53240.0
2025-12-19,Laptop,Electronics,South,5,253620.0
2025-01-23,Office Chair,Furniture,West,1,7043.0
2025-02-22,Air Fryer,Appliances,Central,1,12293.0
2025-02-04,Backpack,Stationery,West,1,2844.0
2025-11-11,Jacket,Apparel,North,2,19108.0
2025-02-21,Bookshelf,Furniture,North,3,21990.0
2025-03-26,Microwave,Appliances,South,1,10143.0
2025-02-18,Backpack,Stationery,South,2,8590.0
2025-07-26,Backpack,Stationery,West,5,16580.0
2025-04-27,Headphones,Electronics,,6,33468.0
2025-02-22,Bookshelf,Furniture,South,3,36879.0
2025-03-30,Air Fryer,Appliances,North,1,14987.0
2025-03-17,Laptop,Electronics,West,4,288708.0
2025-08-09,Microwave,Appliances,West,5,58085.0
2025-05-31,Running Shoes,Apparel,Central,6,26742.0
2025-10-06,Microwave,Appliances,South,1,13422.0
2025-10-20,Backpack,Stationery,East,2,5950.0
2025-11-21,T-Shirt,Apparel,North,7,4704.0
2025-07-08,Running Shoes,Apparel,North,2,12762.0
2025-06-23,Smartphone,Electronics,South,4,251428.0
2025-08-19,Bookshelf,Furniture,East,2,11348.0
2025-06-05,Bookshelf,Furniture,South,5,19325.0
2025-10-22,Backpack,Stationery,South,4,12100.0
2025-04-13,Running Shoes,Apparel,South,3,16260.0
2025-05-10,Backpack,Stationery,South,2,4786.0
2025-11-12,Backpack,Stationery,East,2,7196.0
2025-11-09,Bookshelf,Furniture,East,1,9869.0
2025-07-01,Smartphone,Electronics,North,3,166179.0
2025-11-12,Air Fryer,Appliances,East,9,83457.0
2025-05-19,Running Shoes,Apparel,East,4,21672.0
2025-07-04,Running Shoes,Apparel,Central,2,11480.0
2025-05-06,Study Desk,Furniture,North,3,42201.0
2025-09-18,Study Desk,Furniture,Central,3,32964.0
2025-10-04,Air Fryer,Appliances,East,2,23924.0
2025-09-16,Backpack,Stationery,Central,1,2073.0
2025-08-22,Blender,Appliances,North,2,20904.0
2025-05-15,Backpack,Stationery,South,1,3667.0
2025-12-08,Smartphone,Electronics,,2,106286.0
2025-10-25,Bookshelf,Furniture,West,2,17616.0
2025-11-21,Office Chair,Furniture,North,2,31070.0
2025-05-24,Blender,Appliances,South,5,39565.0
2025-09-22,Jacket,Apparel,North,2,15976.0
2025-12-05,Blender,Appliances,South,2,16030.0
2025-03-25,Office Chair,Furniture,North,2,17990.0
2025-04-09,Microwave,Appliances,West,1,18966.0
2025-06-23,Smartphone,Electronics,North,4,185320.0
2025-01-07,Laptop,Electronics,Central,1,73187.0
2025-07-28,Headphones,Electronics,North,3,15168.0
2025-01-21,Backpack,Stationery,North,1,3999.0
2025-03-27,Running Shoes,Apparel,South,4,31708.0
2025-01-17,Study Desk,Furniture,North,2,28174.0
2025-07-13,Headphones,Electronics,East,4,19080.0
2025-05-17,Smartphone,Electronics,Central,3,134361.0
2025-07-02,Notebook Set,Stationery,South,5,1595.0
2025-04-12,Backpack,Stationery,West,5,11640.0
2025-10-27,Backpack,Stationery,East,6,19260.0
2025-10-13,Microwave,Appliances,South,6,81498.0
2025-07-21,Notebook Set,Stationery,South,7,2212.0
2025-08-08,Air Fryer,Appliances,East,5,74610.0
2025-03-25,Laptop,Electronics,East,1,92679.0
2025-02-19,Jacket,Apparel,South,1,4322.0
2025-03-29,T-Shirt,Apparel,Central,3,2883.0
2025-11-10,Backpack,Stationery,South,8,31632.0
2025-06-05,Bookshelf,Furniture,North,3,31440.0
2025-05-21,Bookshelf,Furniture,,3,25980.0
2025-10-05,Laptop,Electronics,West,1,92265.0
2025-05-08,Backpack,Stationery,North,4,14824.0
2025-08-09,Bookshelf,Furniture,East,6,53058.0
2025-07-05,Air Fryer,Appliances,East,1,10042.0
2025-04-19,Air Fryer,Appliances,North,4,36432.0
2025-06-09,Bookshelf,Furniture,East,3,22290.0
2025-07-13,T-Shirt,Apparel,North,3,2958.0
2025-01-15,Laptop,Electronics,South,2,136266.0
2025-09-06,Running Shoes,Apparel,South,4,29792.0
2025-05-11,Laptop,Electronics,Central,3,244725.0
2025-03-27,Running Shoes,Apparel,West,2,8468.0
2025-06-05,Laptop,Electronics,East,3,283263.0
2025-08-02,Study Desk,Furniture,West,2,25134.0
2025-02-06,Laptop,Electronics,West,1,69688.0
2025-04-24,Study Desk,Furniture,East,1,17989.0
2025-02-14,Headphones,Electronics,South,1,2754.0
2025-08-13,Backpack,Stationery,North,1,4412.0
2025-10-20,Running Shoes,Apparel,East,5,29140.0
2025-04-10,Notebook Set,Stationery,North,1,601.0
2025-02-10,Microwave,Appliances,West,3,41193.0
2025-03-05,Air Fryer,Appliances,North,3,31710.0
2025-09-27,Backpack,Stationery,Central,5,16785.0
2025-05-03,Office Chair,Furniture,North,2,20866.0
2025-04-24,Backpack,Stationery,South,4,12040.0
2025-05-21,Blender,Appliances,North,4,30136.0
2025-06-10,Running Shoes,Apparel,East,1,5626.0
2025-06-11,Running Shoes,Apparel,North,6,58956.0
2025-03-16,Jacket,Apparel,South,3,21993.0
2025-03-09,Smartphone,Electronics,Central,2,74876.0
2025-10-10,Bookshelf,Furniture,East,4,37496.0
2025-03-14,Office Chair,Furniture,Central,2,22030.0
2025-03-07,Microwave,Appliances,West,5,106975.0
2025-02-25,Microwave,Appliances,West,1,16785.0
2025-06-04,Backpack,Stationery,South,1,3205.0
2025-06-25,Blender,Appliances,North,4,30708.0
2025-10-01,Notebook Set,Stationery,North,6,2172.0
2025-08-14,Blender,Appliances,East,3,27768.0
2025-07-06,Air Fryer,Appliances,East,1,9210.0
2025-08-26,Laptop,Electronics,North,4,406496.0
2025-01-19,Laptop,Electronics,West,3,123108.0
2025-10-06,Backpack,Stationery,East,2,4644.0
2025-12-26,Study Desk,Furniture,East,4,83076.0
2025-03-25,Backpack,Stationery,West,3,9138.0
2025-09-02,Office Chair,Furniture,North,2,33184.0
2025-02-13,Notebook Set,Stationery,East,2,854.0
2025-09-19,T-Shirt,Apparel,Central,2,1016.0
2025-01-01,Headphones,Electronics,South,2,8996.0
2025-11-29,T-Shirt,Apparel,,8,11856.0
2025-01-10,Headphones,Electronics,Central,1,4110.0
2025-09-18,Bookshelf,Furniture,North,3,33798.0
2025-08-22,Notebook Set,Stationery,West,1,606.0
2025-09-05,Air Fryer,Appliances,West,4,46944.0
2025-06-18,Blender,Appliances,West,5,30640.0
2025-06-10,Headphones,Electronics,Central,4,19108.0
2025-08-28,Smartphone,Electronics,South,1,50771.0
2025-07-01,Laptop,Electronics,North,3,248298.0
2025-07-09,Notebook Set,Stationery,East,1,638.0
2025-08-08,Office Chair,Furniture,East,5,77445.0
2025-06-20,Running Shoes,Apparel,West,5,35480.0
2025-10-25,Smartphone,Electronics,North,3,151374.0
2025-03-29,Office Chair,Furniture,North,2,33756.0
2025-10-08,Jacket,Apparel,West,4,27412.0
2025-02-20,Laptop,Electronics,South,5,501950.0
2025-09-24,Notebook Set,Stationery,North,5,2630.0
2025-07-13,Jacket,Apparel,North,4,21144.0
2025-09-17,T-Shirt,Apparel,South,3,2253.0
2025-04-06,Jacket,Apparel,North,5,37840.0
2025-10-04,Notebook Set,Stationery,Central,6,3078.0
2025-08-11,Blender,Appliances,East,8,65144.0
2025-12-14,T-Shirt,Apparel,West,2,3112.0
2025-05-02,Blender,Appliances,Central,4,29752.0
2025-03-13,Headphones,Electronics,North,3,20514.0
2025-01-31,Microwave,Appliances,North,1,16284.0
2025-03-04,Laptop,Electronics,South,4,304772.0
2025-11-02,Smartphone,Electronics,South,4,208896.0
2025-12-02,Jacket,Apparel,South,4,20516.0
2025-11-18,Bookshelf,Furniture,Central,5,56290.0
2025-10-02,Smartphone,Electronics,West,1,39058.0
2025-09-23,Headphones,Electronics,West,3,14688.0
2025-04-04,Study Desk,Furniture,West,4,82468.0
2025-12-27,Blender,Appliances,North,5,42475.0
2025-02-17,T-Shirt,Apparel,North,2,3772.0
2025-06-15,Laptop,Electronics,Central,3,268848.0
2025-06-04,Bookshelf,Furniture,South,2,17280.0
2025-08-20,Notebook Set,Stationery,West,1,514.0
2025-04-28,Study Desk,Furniture,South,1,14900.0
2025-03-15,Study Desk,Furniture,North,2,31836.0
2025-12-23,Study Desk,Furniture,South,5,110960.0
2025-01-18,Notebook Set,Stationery,South,1,358.0
2025-06-01,Air Fryer,Appliances,North,4,44224.0
2025-11-27,Running Shoes,Apparel,Central,1,3800.0
2025-02-21,Backpack,Stationery,East,2,5716.0
2025-01-26,Headphones,Electronics,East,1,3303.0
2025-11-23,Blender,Appliances,South,7,36722.0
2025-12-07,Office Chair,Furniture,South,4,53104.0
2025-05-13,Office Chair,Furniture,East,4,28360.0
2025-02-10,Air Fryer,Appliances,West,1,11409.0
2025-09-28,Running Shoes,Apparel,South,5,27105.0
2025-10-18,Blender,Appliances,West,1,7496.0
2025-08-16,Microwave,Appliances,West,1,8769.0
2025-10-28,Blender,Appliances,East,3,22164.0
2025-01-01,Study Desk,Furniture,West,2,36508.0
2025-05-05,Blender,Appliances,West,3,28332.0
2025-03-07,Running Shoes,Apparel,North,3,23448.0
2025-01-31,Office Chair,Furniture,North,1,14354.0
2025-03-15,Laptop,Electronics,North,2,138814.0
2025-03-14,Blender,Appliances,East,1,5677.0
2025-04-07,Laptop,Electronics,East,1,51710.0
2025-05-04,Smartphone,Electronics,West,3,190920.0
2025-02-13,Laptop,Electronics,North,3,249279.0
2025-03-10,T-Shirt,Apparel,North,1,740.0
2025-08-21,Smartphone,Electronics,South,2,139818.0
2025-05-06,Bookshelf,Furniture,North,2,18354.0
2025-09-20,Headphones,Electronics,West,1,2491.0
2025-08-09,Microwave,Appliances,North,1,10887.0
2025-01-02,Laptop,Electronics,East,1,69976.0
2025-01-31,Smartphone,Electronics,North,1,59807.0
2025-04-26,Headphones,Electronics,South,3,14967.0
2025-10-09,Headphones,Electronics,North,4,20376.0
2025-11-07,Laptop,Electronics,North,1,61592.0
2025-11-15,Running Shoes,Apparel,West,8,35832.0
2025-09-22,Jacket,Apparel,South,2,12074.0
2025-10-01,Office Chair,Furniture,South,4,57336.0
2025-05-21,Backpack,Stationery,West,1,3505.0
2025-05-24,Running Shoes,Apparel,West,1,4970.0
2025-02-12,Blender,Appliances,Central,1,8840.0
2025-06-28,Running Shoes,Apparel,West,1,6151.0
2025-02-23,Running Shoes,Apparel,South,2,9136.0
2025-10-12,T-Shirt,Apparel,North,3,2322.0
2025-03-18,Jacket,Apparel,North,4,29400.0
2025-02-09,Notebook Set,Stationery,Central,2,1694.0
2025-08-19,Office Chair,Furniture,West,4,63636.0
2025-06-06,Running Shoes,Apparel,Central,3,24192.0
2025-05-06,Notebook Set,Stationery,Central,6,3816.0
2025-03-30,Running Shoes,Apparel,West,7,46116.0
2025-09-11,Air Fryer,Appliances,South,2,14460.0
2025-11-10,Bookshelf,Furniture,South,1,9044.0
2025-03-11,T-Shirt,Apparel,South,6,7644.0
2025-11-26,Jacket,Apparel,North,4,23032.0
2025-02-11,Air Fryer,Appliances,East,3,20253.0
2025-07-06,Air Fryer,Appliances,West,2,22600.0
2025-01-19,Notebook Set,Stationery,East,1,637.0
2025-12-25,Air Fryer,Appliances,North,2,28354.0
2025-05-02,T-Shirt,Apparel,South,5,1405.0
2025-02-09,Microwave,Appliances,West,1,12898.0
2025-12-29,Blender,Appliances,South,2,19626.0
2025-09-15,Bookshelf,Furniture,Central,2,14564.0
2025-02-21,Study Desk,Furniture,East,1,18294.0
2025-08-13,Microwave,Appliances,North,2,30786.0
2025-12-15,Study Desk,Furniture,West,4,72876.0
2025-04-08,Backpack,Stationery,South,2,6010.0
2025-12-02,Bookshelf,Furniture,West,4,41792.0
2025-09-09,Microwave,Appliances,East,1,17172.0
2025-04-05,Laptop,Electronics,North,4,244108.0
2025-06-15,Air Fryer,Appliances,East,2,11732.0
2025-12-13,Blender,Appliances,West,2,17484.0
2025-11-03,Blender,Appliances,South,1,6125.0
2025-05-02,Microwave,Appliances,East,3,49479.0
2025-06-07,Jacket,Apparel,South,3,21099.0
2025-03-23,Air Fryer,Appliances,North,4,57036.0
2025-01-23,Headphones,Electronics,South,5,24630.0
2025-09-03,Office Chair,Furniture,West,2,16904.0
2025-03-09,Backpack,Stationery,North,1,3486.0
2025-10-11,Study Desk,Furniture,Central,3,54468.0
2025-09-22,Notebook Set,Stationery,South,2,1290.0
2025-12-01,Air Fryer,Appliances,Central,5,55140.0
2025-01-18,Bookshelf,Furniture,South,2,15270.0
2025-11-27,Laptop,Electronics,East,8,817576.0
2025-04-04,Bookshelf,Furniture,North,5,56190.0
2025-08-13,T-Shirt,Apparel,East,4,5928.0
2025-05-04,Running Shoes,Apparel,North,3,12099.0
2025-05-03,Laptop,Electronics,North,6,591426.0
2025-07-16,Office Chair,Furniture,West,3,29772.0
2025-08-16,Laptop,Electronics,South,5,454445.0
2025-05-19,Air Fryer,Appliances,West,4,60676.0
2025-12-25,Backpack,Stationery,East,9,28017.0
2025-05-22,Jacket,Apparel,South,2,12876.0
2025-11-01,T-Shirt,Apparel,East,7,13167.0
2025-08-16,Office Chair,Furniture,North,1,14336.0
2025-06-06,Bookshelf,Furniture,West,4,44436.0
2025-09-17,Air Fryer,Appliances,South,4,43168.0
2025-04-10,Notebook Set,Stationery,West,3,600.0
2025-06-19,Laptop,Electronics,West,4,220468.0
2025-11-26,T-Shirt,Apparel,South,7,7147.0
2025-03-02,Bookshelf,Furniture,East,4,26672.0
2025-12-30,Headphones,Electronics,Central,4,16968.0
2025-09-20,Blender,Appliances,South,2,11600.0
2025-06-01,Blender,Appliances,North,1,8479.0
2025-06-23,Jacket,Apparel,Central,3,24861.0
2025-03-08,Running Shoes,Apparel,East,3,18618.0
2025-12-09,Blender,Appliances,East,7,54075.0
2025-09-30,Backpack,Stationery,South,2,5780.0
2025-04-27,Bookshelf,Furniture,West,4,38996.0
2025-02-19,Notebook Set,Stationery,East,5,2035.0
2025-12-23,Office Chair,Furniture,East,2,22004.0
2025-07-03,Laptop,Electronics,East,4,307560.0
2025-06-17,Notebook Set,Stationery,West,1,614.0
2025-02-08,Notebook Set,Stationery,North,1,390.0
2025-11-08,Jacket,Apparel,East,5,60515.0
2025-07-02,Study Desk,Furniture,Central,3,67344.0
2025-07-21,Smartphone,Electronics,East,1,52926.0
2025-07-24,Microwave,Appliances,North,3,35718.0
2025-11-20,Backpack,Stationery,West,7,25921.0
2025-04-09,Headphones,Electronics,West,4,23192.0
2025-07-28,T-Shirt,Apparel,East,3,4800.0
2025-05-28,Bookshelf,Furniture,South,3,25062.0
2025-10-07,T-Shirt,Apparel,West,1,1452.0
2025-12-14,Bookshelf,Furniture,North,5,47890.0
2025-08-27,T-Shirt,Apparel,South,1,1314.0
2025-08-17,Backpack,Stationery,North,7,20951.0
2025-01-26,Microwave,Appliances,North,3,48615.0
2025-07-28,Air Fryer,Appliances,North,1,8960.0
2025-05-27,Jacket,Apparel,Central,2,13156.0
2025-11-25,Smartphone,Electronics,North,4,199124.0
2025-12-10,Headphones,Electronics,East,5,11445.0
2025-01-17,Jacket,Apparel,South,2,10726.0
2025-12-20,Headphones,Electronics,Central,2,11532.0
2025-09-16,Microwave,Appliances,West,3,38166.0
2025-12-28,Blender,Appliances,South,1,6749.0
2025-12-06,Notebook Set,Stationery,South,1,437.0
2025-05-03,Bookshelf,Furniture,Central,2,14970.0
2025-02-10,Air Fryer,Appliances,East,7,36652.0
2025-01-26,Blender,Appliances,North,1,9591.0
2025-03-07,Bookshelf,Furniture,North,2,17004.0
2025-02-17,Air Fryer,Appliances,East,3,22029.0
2025-07-30,Bookshelf,Furniture,South,3,18783.0
2025-10-12,Bookshelf,Furniture,South,3,27288.0
2025-07-28,Microwave,Appliances,West,1,23196.0
2025-04-29,Microwave,Appliances,East,2,35800.0
2025-12-01,Running Shoes,Apparel,South,5,14840.0
2025-08-20,Laptop,Electronics,East,3,352647.0
2025-09-08,T-Shirt,Apparel,North,5,5540.0
2025-04-15,Running Shoes,Apparel,Central,3,19908.0
2025-12-16,Microwave,Appliances,West,2,20446.0
2025-04-07,Laptop,Electronics,West,3,191682.0
2025-12-27,Backpack,Stationery,West,7,19614.0
2025-10-05,Laptop,Electronics,Central,2,183616.0
2025-05-28,Study Desk,Furniture,South,6,99258.0
2025-01-25,Running Shoes,Apparel,Central,3,24417.0
2025-08-23,Blender,Appliances,North,7,42189.0
2025-09-16,Study Desk,Furniture,South,4,87724.0
2025-04-08,Air Fryer,Appliances,North,4,42020.0
2025-10-19,Notebook Set,Stationery,Central,1,790.0
2025-08-18,Laptop,Electronics,South,6,508248.0
2025-07-14,Laptop,Electronics,East,2,137486.0
2025-10-29,Backpack,Stationery,Central,2,4950.0
2025-04-21,Running Shoes,Apparel,Central,2,5860.0
2025-02-08,Jacket,Apparel,South,4,31168.0
2025-02-10,Air Fryer,Appliances,North,1,7184.0
2025-02-28,Blender,Appliances,Central,2,5748.0
2025-04-03,Jacket,Apparel,North,2,10280.0
2025-12-15,Office Chair,Furniture,West,1,12105.0
2025-06-11,Running Shoes,Apparel,West,1,5008.0
2025-05-04,Jacket,Apparel,North,3,25089.0
2025-09-30,T-Shirt,Apparel,East,2,2482.0
2025-01-25,Office Chair,Furniture,West,1,13973.0
2025-02-14,T-Shirt,Apparel,Central,2,1752.0
2025-10-13,T-Shirt,Apparel,South,3,4083.0
2025-12-04,Backpack,Stationery,North,4,7920.0
2025-03-01,Headphones,Electronics,South,1,5431.0
2025-08-15,Microwave,Appliances,West,6,81162.0
2025-05-20,Bookshelf,Furniture,South,3,30081.0
2025-03-07,Office Chair,Furniture,Central,2,21332.0
2025-04-17,Air Fryer,Appliances,North,2,25532.0
2025-12-04,Headphones,Electronics,South,2,6226.0
2025-02-15,Bookshelf,Furniture,Central,1,10913.0
2025-09-09,Running Shoes,Apparel,Central,4,13716.0
2025-05-25,Jacket,Apparel,West,6,64650.0
2025-08-18,Jacket,Apparel,South,2,9484.0
2025-05-19,Backpack,Stationery,North,2,8494.0
2025-04-05,Notebook Set,Stationery,South,4,2488.0
2025-03-01,Laptop,Electronics,South,1,63399.0
2025-06-17,Running Shoes,Apparel,East,8,38680.0
2025-05-27,Office Chair,Furniture,Central,3,28950.0
2025-10-06,Notebook Set,Stationery,North,1,424.0
2025-08-31,Smartphone,Electronics,West,6,337068.0
2025-11-01,Blender,Appliances,East,11,73535.0
2025-04-13,Office Chair,Furniture,North,4,66952.0
2025-07-18,Backpack,Stationery,East,1,3040.0
2025-09-10,Study Desk,Furniture,North,3,36438.0
2025-07-01,Running Shoes,Apparel,South,2,10094.0
2025-11-28,Smartphone,Electronics,West,1,59695.0
2025-06-05,Backpack,Stationery,West,3,6681.0
2025-07-19,T-Shirt,Apparel,West,8,9872.0
2025-07-05,Smartphone,Electronics,West,2,93282.0
2025-06-25,Bookshelf,Furniture,West,1,7271.0
2025-09-11,Smartphone,Electronics,East,1,70452.0
2025-12-13,Jacket,Apparel,East,8,63496.0
2025-09-13,Microwave,Appliances,Central,3,38238.0
2025-11-28,Study Desk,Furniture,North,7,164710.0
2025-02-22,Smartphone,Electronics,North,1,45564.0
2025-02-06,Microwave,Appliances,West,1,16859.0
2025-05-21,Backpack,Stationery,West,5,17435.0
2025-07-16,Headphones,Electronics,East,5,13525.0
2025-08-16,Microwave,Appliances,North,6,87342.0
2025-06-01,Bookshelf,Furniture,North,6,51426.0
2025-06-02,T-Shirt,Apparel,South,4,6120.0
2025-03-14,T-Shirt,Apparel,North,4,6380.0
2025-07-22,Microwave,Appliances,South,2,31534.0
2025-08-28,Smartphone,Electronics,South,1,50771.0
2025-08-05,Running Shoes,Apparel,North,5,19885.0
2025-03-31,Backpack,Stationery,West,2,6298.0
2025-01-24,Air Fryer,Appliances,West,1,10971.0
2025-07-23,Study Desk,Furniture,West,5,131080.0
2025-03-25,Bookshelf,Furniture,North,1,10250.0
2025-09-26,Running Shoes,Apparel,Central,8,38776.0
2025-01-06,Blender,Appliances,South,1,6565.0
2025-04-05,Bookshelf,Furniture,North,4,28264.0
2025-01-08,T-Shirt,Apparel,,3,1869.0
2025-12-07,T-Shirt,Apparel,North,2,1974.0
2025-06-02,Blender,Appliances,East,3,26253.0
2025-04-16,Air Fryer,Appliances,South,2,26082.0
2025-09-08,Smartphone,Electronics,South,2,127262.0
2025-03-03,Office Chair,Furniture,South,2,26374.0
2025-10-13,Study Desk,Furniture,West,1,21056.0
2025-12-22,Headphones,Electronics,South,2,9204.0
2025-07-26,Notebook Set,Stationery,Central,8,3408.0
2025-12-26,Office Chair,Furniture,West,2,25556.0
2025-09-12,Smartphone,Electronics,North,3,126669.0
2025-05-17,Bookshelf,Furniture,South,4,42504.0
2025-04-14,Smartphone,Electronics,North,1,64199.0
2025-06-16,Air Fryer,Appliances,North,2,11600.0
2025-04-23,Study Desk,Furniture,South,1,23429.0
2025-10-24,Bookshelf,Furniture,South,1,9292.0
2025-07-28,Backpack,Stationery,Central,5,15170.0
2025-03-02,Notebook Set,Stationery,West,2,1050.0
2025-08-22,T-Shirt,Apparel,North,2,3532.0
2025-04-20,Blender,Appliances,South,6,44412.0
2025-05-20,Notebook Set,Stationery,East,4,1944.0
2025-01-17,Blender,Appliances,West,1,8634.0
2025-06-03,Bookshelf,Furniture,West,3,24756.0
2025-12-31,Jacket,Apparel,Central,5,48265.0
2025-10-15,Laptop,Electronics,South,6,682110.0
2025-03-11,Smartphone,Electronics,West,5,294465.0
2025-05-14,Office Chair,Furniture,South,2,22018.0
2025-08-27,Air Fryer,Appliances,North,2,21698.0
2025-08-08,Backpack,Stationery,East,1,2883.0
2025-04-22,Backpack,Stationery,North,2,8416.0
2025-04-24,Running Shoes,Apparel,North,2,4104.0
2025-05-09,Air Fryer,Appliances,West,3,23817.0
2025-10-17,Office Chair,Furniture,South,1,19165.0
2025-07-28,Microwave,Appliances,Central,2,25342.0
2025-04-10,Study Desk,Furniture,South,3,42306.0
2025-09-26,Air Fryer,Appliances,Central,4,61848.0
2025-09-12,T-Shirt,Apparel,North,2,2222.0
2025-11-23,Blender,Appliances,South,7,54026.0
2025-05-06,Notebook Set,Stationery,East,1,503.0
2025-08-12,Laptop,Electronics,West,1,115547.0
2025-05-12,Office Chair,Furniture,North,4,41120.0
2025-03-07,Laptop,Electronics,East,1,93508.0
2025-11-07,Jacket,Apparel,North,2,11148.0
2025-07-20,Laptop,Electronics,North,2,248988.0
2025-04-17,Office Chair,Furniture,North,3,34482.0
2025-02-03,Blender,Appliances,East,3,26823.0
2025-02-04,Microwave,Appliances,West,2,24104.0
2025-05-14,Running Shoes,Apparel,South,1,6388.0
2025-09-03,Headphones,Electronics,East,4,19608.0
2025-12-21,Notebook Set,Stationery,North,4,2308.0
2025-10-07,Microwave,Appliances,West,5,70710.0
2025-01-22,Running Shoes,Apparel,West,4,23988.0
2025-12-09,Running Shoes,Apparel,North,5,28535.0
2025-03-29,Microwave,Appliances,Central,3,37461.0
2025-05-07,Running Shoes,Apparel,North,3,15765.0
2025-06-16,Study Desk,Furniture,South,3,59829.0
2025-10-12,Microwave,Appliances,Central,1,10948.0
2025-07-20,Microwave,Appliances,South,4,65352.0
2025-10-07,Smartphone,Electronics,West,3,188949.0
2025-11-13,Office Chair,Furniture,South,8,76368.0
2025-02-17,Headphones,Electronics,North,1,5145.0
2025-12-21,Study Desk,Furniture,East,9,123372.0
2025-11-04,Smartphone,Electronics,East,4,223672.0
2025-05-10,Backpack,Stationery,East,4,13412.0
2025-02-16,T-Shirt,Apparel,North,2,1472.0
2025-09-03,Air Fryer,Appliances,North,4,45448.0
2025-10-10,Microwave,Appliances,North,5,81440.0
2025-01-03,Backpack,Stationery,South,3,9624.0
2025-04-04,Headphones,Electronics,,4,14544.0
2025-11-22,Jacket,Apparel,West,5,40450.0
2025-04-21,Jacket,Apparel,Central,2,16072.0
2025-10-16,Office Chair,Furniture,North,2,31350.0
2025-12-04,Backpack,Stationery,South,4,10480.0
2025-06-28,Air Fryer,Appliances,Central,4,58944.0
2025-03-31,Blender,Appliances,North,2,19486.0
2025-06-14,Microwave,Appliances,East,5,75795.0
2025-07-08,Running Shoes,Apparel,West,1,8436.0
2025-02-08,Notebook Set,Stationery,West,1,353.0
2025-11-14,Headphones,Electronics,North,1,4288.0
2025-10-27,Smartphone,Electronics,North,1,57459.0
2025-07-10,Notebook Set,Stationery,South,5,2610.0
2025-03-08,Microwave,Appliances,West,3,51900.0
2025-02-06,T-Shirt,Apparel,Central,4,3396.0
2025-05-10,Office Chair,Furniture,South,6,72474.0
2025-05-06,Air Fryer,Appliances,South,2,28346.0
2025-09-17,Microwave,Appliances,South,1,12857.0
2025-10-22,Headphones,Electronics,Central,5,32965.0
2025-05-13,Air Fryer,Appliances,Central,5,32225.0
2025-07-12,Office Chair,Furniture,South,2,30478.0
2025-08-22,Running Shoes,Apparel,North,1,5283.0
2025-07-26,Laptop,Electronics,East,4,311548.0
2025-07-14,Smartphone,Electronics,North,1,76688.0
2025-02-06,Running Shoes,Apparel,South,2,9960.0
2025-08-28,Microwave,Appliances,South,3,38049.0
2025-07-11,Headphones,Electronics,North,3,15318.0
2025-03-29,Backpack,Stationery,Central,3,8085.0
2025-12-29,Air Fryer,Appliances,South,1,13861.0
2025-12-23,T-Shirt,Apparel,North,4,5808.0
2025-07-06,Blender,Appliances,North,4,40196.0
2025-12-26,Bookshelf,Furniture,North,7,73353.0
2025-04-18,T-Shirt,Apparel,North,1,1469.0
2025-12-01,Office Chair,Furniture,North,5,36835.0
2025-08-17,Office Chair,Furniture,East,6,89706.0
2025-08-28,Smartphone,Electronics,North,3,170118.0
2025-07-03,T-Shirt,Apparel,North,4,2312.0
2025-02-18,Headphones,Electronics,North,2,6448.0
2025-07-05,Bookshelf,Furniture,East,3,23154.0
2025-05-14,Bookshelf,Furniture,South,1,7876.0
2025-01-20,Air Fryer,Appliances,West,2,18462.0
2025-09-14,Microwave,Appliances,North,4,61516.0
2025-01-11,T-Shirt,Apparel,East,2,2458.0
2025-05-22,Smartphone,Electronics,,5,277215.0
2025-04-21,Laptop,Electronics,East,4,335904.0
2025-05-01,Blender,Appliances,South,4,41404.0
2025-02-23,Blender,Appliances,South,1,7065.0
2025-07-26,Running Shoes,Apparel,North,4,14252.0
2025-12-16,Running Shoes,Apparel,West,2,8792.0
2025-08-28,Microwave,Appliances,East,3,53511.0
2025-03-31,Smartphone,Electronics,North,5,261860.0
2025-03-15,Running Shoes,Apparel,North,3,19512.0
2025-11-30,Blender,Appliances,North,7,53102.0
2025-08-06,Bookshelf,Furniture,East,2,18312.0
2025-11-22,Laptop,Electronics,East,5,425270.0
2025-02-06,Running Shoes,Apparel,West,1,8154.0
2025-03-03,Running Shoes,Apparel,West,5,16360.0
2025-01-08,Laptop,Electronics,South,3,174333.0
2025-07-01,Headphones,Electronics,North,4,22320.0
2025-10-08,Blender,Appliances,,1,10853.0
2025-11-26,Blender,Appliances,North,2,13552.0
2025-06-26,Microwave,Appliances,South,7,93114.0
2025-11-12,Microwave,Appliances,North,4,53976.0
2025-08-08,Smartphone,Electronics,Central,3,184203.0
2025-06-10,Backpack,Stationery,Central,1,2452.0
2025-08-13,T-Shirt,Apparel,West,3,2889.0
2025-03-09,Backpack,Stationery,North,1,4137.0
2025-08-04,Study Desk,Furniture,West,6,129612.0
2025-01-31,Blender,Appliances,South,5,46290.0
2025-10-30,Headphones,Electronics,West,4,25120.0
2025-05-02,Smartphone,Electronics,Central,1,66544.0
2025-06-07,Bookshelf,Furniture,Central,5,31580.0
2025-08-20,Smartphone,Electronics,South,4,228700.0
2025-05-08,Backpack,Stationery,South,4,5744.0
2025-05-17,Laptop,Electronics,East,3,280374.0
2025-03-11,T-Shirt,Apparel,East,4,2648.0
2025-02-09,Bookshelf,Furniture,Central,1,3789.0
2025-05-08,T-Shirt,Apparel,East,2,3340.0
2025-10-11,Smartphone,Electronics,South,1,71918.0
2025-12-28,Blender,Appliances,North,4,31104.0
2025-10-04,Smartphone,Electronics,South,6,337074.0
2025-07-25,Blender,Appliances,Central,2,17262.0
2025-07-09,T-Shirt,Apparel,South,3,3135.0
2025-12-31,Microwave,Appliances,South,1,11566.0
2025-01-20,Running Shoes,Apparel,East,1,6920.0
2025-08-09,Blender,Appliances,West,2,9324.0
2025-10-19,Blender,Appliances,Central,4,31896.0
2025-04-12,Blender,Appliances,South,5,32820.0
2025-06-16,Jacket,Apparel,West,3,20535.0
2025-03-09,Microwave,Appliances,West,2,31856.0
2025-11-17,Laptop,Electronics,West,7,437955.0
2025-03-06,Office Chair,Furniture,West,5,72850.0
2025-03-03,Laptop,Electronics,North,2,134792.0
2025-04-15,Headphones,Electronics,East,4,11036.0
2025-12-31,Jacket,Apparel,West,7,36295.0
2025-07-15,Office Chair,Furniture,East,4,42932.0
2025-10-04,Office Chair,Furniture,East,4,39268.0
2025-04-16,Backpack,Stationery,South,2,7512.0
2025-09-14,Running Shoes,Apparel,West,4,20832.0
2025-11-27,Laptop,Electronics,West,1,102421.0
2025-04-01,Laptop,Electronics,West,4,407312.0
2025-11-12,Notebook Set,Stationery,West,1,718.0
2025-03-05,Bookshelf,Furniture,North,3,27234.0
2025-06-24,Bookshelf,Furniture,South,5,40405.0
2025-01-07,Laptop,Electronics,North,3,248460.0
2025-05-15,Laptop,Electronics,East,3,210156.0
2025-02-03,Running Shoes,Apparel,North,2,12360.0
2025-10-20,Notebook Set,Stationery,Central,2,1158.0
2025-05-16,T-Shirt,Apparel,West,1,985.0
2025-06-20,Study Desk,Furniture,West,1,21667.0
2025-08-25,Headphones,Electronics,East,3,14712.0
2025-10-29,T-Shirt,Apparel,North,7,11627.0
2025-10-07,Smartphone,Electronics,West,3,188949.0
2025-10-01,Air Fryer,Appliances,North,1,8104.0
2025-04-07,Office Chair,Furniture,North,3,47604.0
2025-09-04,Microwave,Appliances,West,6,62034.0
2025-10-21,Office Chair,Furniture,North,2,29082.0
2025-01-14,Backpack,Stationery,South,3,11631.0
2025-09-25,Smartphone,Electronics,South,2,148638.0
2025-11-03,Study Desk,Furniture,North,2,36254.0
2025-09-08,Study Desk,Furniture,North,1,20204.0
2025-05-06,Laptop,Electronics,East,1,70946.0
2025-10-18,Bookshelf,Furniture,South,2,17892.0
2025-11-12,Bookshelf,Furniture,Central,5,59355.0
2025-09-23,Air Fryer,Appliances,North,5,65755.0
2025-12-03,Jacket,Apparel,West,5,19670.0
2025-09-07,Air Fryer,Appliances,West,3,43713.0
2025-11-08,Bookshelf,Furniture,West,2,19568.0
2025-08-09,T-Shirt,Apparel,West,2,1952.0
2025-07-02,T-Shirt,Apparel,Central,1,932.0
2025-03-25,Notebook Set,Stationery,South,6,4338.0
2025-09-26,Air Fryer,Appliances,East,1,13332.0
2025-09-02,Bookshelf,Furniture,East,6,55878.0
2025-07-07,Smartphone,Electronics,East,1,62304.0
2025-04-10,Running Shoes,Apparel,Central,4,28416.0
2025-11-04,Blender,Appliances,North,5,25100.0
2025-10-15,Blender,Appliances,South,4,21956.0
2025-03-25,Study Desk,Furniture,,3,37803.0
2025-06-20,Air Fryer,Appliances,South,4,41452.0
2025-09-01,Jacket,Apparel,North,5,23270.0
2025-04-15,Headphones,Electronics,North,4,14776.0
2025-12-03,Notebook Set,Stationery,South,1,381.0
2025-12-18,Bookshelf,Furniture,East,8,87408.0
2025-04-18,Headphones,Electronics,North,2,10106.0
2025-08-16,Study Desk,Furniture,South,3,57699.0
2025-04-05,Bookshelf,Furniture,East,3,28500.0
2025-04-22,Running Shoes,Apparel,South,4,11616.0
2025-01-09,Study Desk,Furniture,,3,57762.0
2025-03-03,T-Shirt,Apparel,Central,4,5524.0
2025-06-27,Notebook Set,Stationery,South,4,1776.0
2025-05-17,Backpack,Stationery,South,1,2385.0
2025-04-06,Backpack,Stationery,West,3,11934.0
2025-02-27,Laptop,Electronics,South,1,94778.0
2025-03-15,Blender,Appliances,North,3,36528.0
2025-09-21,Notebook Set,Stationery,Central,2,994.0
2025-08-10,Notebook Set,Stationery,North,1,573.0
2025-09-14,Headphones,Electronics,North,5,21090.0
2025-08-25,Study Desk,Furniture,East,2,39122.0
2025-10-31,Running Shoes,Apparel,East,1,3567.0
2025-07-02,Laptop,Electronics,Central,1,107702.0
2025-06-22,Running Shoes,Apparel,North,1,4609.0
2025-06-01,T-Shirt,Apparel,South,4,5988.0
2025-01-05,Smartphone,Electronics,West,1,76865.0
2025-12-07,Headphones,Electronics,South,1,5626.0
2025-11-13,Office Chair,Furniture,South,1,11942.0
2025-05-09,Air Fryer,Appliances,East,3,27171.0
2025-03-15,Notebook Set,Stationery,South,2,1180.0
2025-04-28,Blender,Appliances,North,4,26556.0
2025-02-02,Jacket,Apparel,South,2,16770.0
2025-10-15,Office Chair,Furniture,North,3,25182.0
2025-02-05,Notebook Set,Stationery,South,1,529.0
2025-09-19,Running Shoes,Apparel,West,8,45552.0
2025-10-23,Notebook Set,Stationery,West,5,3520.0
2025-02-24,Blender,Appliances,South,1,6292.0
2025-02-01,Office Chair,Furniture,West,1,7446.0
2025-04-19,Air Fryer,Appliances,South,2,26396.0
2025-05-22,Office Chair,Furniture,North,3,40005.0
2025-03-04,Bookshelf,Furniture,Central,2,15872.0
2025-05-13,Microwave,Appliances,Central,4,48912.0
2025-09-15,Notebook Set,Stationery,North,3,1032.0
2025-12-10,Notebook Set,Stationery,South,5,3345.0
2025-03-14,T-Shirt,Apparel,Central,3,4464.0
2025-06-02,Microwave,Appliances,East,2,18982.0
2025-01-01,Jacket,Apparel,West,1,7543.0
2025-08-16,Blender,Appliances,West,1,5772.0
2025-07-01,Headphones,Electronics,South,3,9666.0
2025-08-24,Bookshelf,Furniture,West,3,29772.0
2025-01-31,Office Chair,Furniture,North,1,14166.0
2025-04-06,Blender,Appliances,Central,6,34278.0
2025-09-26,Headphones,Electronics,South,3,15369.0
2025-09-29,T-Shirt,Apparel,North,3,1962.0
2025-03-27,Headphones,Electronics,North,2,8446.0
2025-07-27,Study Desk,Furniture,East,6,141054.0
2025-07-18,Headphones,Electronics,North,3,13746.0
2025-03-23,Notebook Set,Stationery,South,3,1422.0
2025-11-21,Air Fryer,Appliances,South,5,55970.0
2025-08-22,T-Shirt,Apparel,North,2,2738.0
2025-04-08,Notebook Set,Stationery,South,1,491.0
2025-04-06,Study Desk,Furniture,West,1,16316.0
2025-12-06,Laptop,Electronics,South,4,320696.0
2025-02-13,Air Fryer,Appliances,South,5,34635.0
2025-09-25,Headphones,Electronics,South,1,4630.0
2025-09-17,Blender,Appliances,Central,2,22954.0
2025-11-03,Office Chair,Furniture,North,4,73588.0
2025-10-29,Running Shoes,Apparel,North,2,17628.0
2025-11-02,Laptop,Electronics,North,2,184698.0
2025-05-13,Study Desk,Furniture,North,2,32480.0
2025-11-04,Microwave,Appliances,South,5,74115.0
2025-07-09,T-Shirt,Apparel,Central,1,1291.0
2025-01-22,T-Shirt,Apparel,South,1,861.0
2025-09-13,Air Fryer,Appliances,Central,1,11394.0
2025-05-03,Blender,Appliances,East,1,12332.0
2025-03-18,Microwave,Appliances,East,4,62228.0
2025-08-14,Office Chair,Furniture,East,6,94608.0
2025-12-26,Jacket,Apparel,South,2,18046.0
2025-09-04,Headphones,Electronics,West,5,17745.0
2025-04-22,Microwave,Appliances,Central,2,18882.0
2025-05-28,Jacket,Apparel,,2,15908.0
2025-05-13,Office Chair,Furniture,Central,6,48216.0
2025-01-28,Air Fryer,Appliances,South,3,33246.0
2025-05-26,Blender,Appliances,West,4,30300.0
2025-10-26,Headphones,Electronics,East,3,10482.0
2025-11-19,Blender,Appliances,East,5,43085.0
2025-07-06,T-Shirt,Apparel,West,2,2396.0
2025-05-18,Bookshelf,Furniture,Central,1,5496.0
2025-08-23,Jacket,Apparel,South,2,14330.0
2025-10-21,Smartphone,Electronics,East,4,212364.0
2025-07-20,Backpack,Stationery,West,2,9534.0
2025-09-26,Jacket,Apparel,North,2,14112.0
2025-02-22,Office Chair,Furniture,South,1,15995.0
2025-08-31,Study Desk,Furniture,East,2,34094.0
2025-03-31,Running Shoes,Apparel,South,5,30075.0
2025-01-01,Notebook Set,Stationery,East,4,2172.0
2025-11-08,Bookshelf,Furniture,South,2,20340.0
2025-06-01,Headphones,Electronics,North,4,15160.0
2025-07-16,Backpack,Stationery,Central,3,9960.0
2025-06-03,Backpack,Stationery,Central,3,15816.0
2025-02-01,Backpack,Stationery,South,5,18775.0
2025-10-24,Blender,Appliances,Central,1,7545.0
2025-12-08,Smartphone,Electronics,West,1,51124.0
2025-11-11,Smartphone,Electronics,North,1,38538.0
2025-03-16,Jacket,Apparel,South,3,21993.0
2025-04-09,Running Shoes,Apparel,North,1,6233.0
2025-09-13,Smartphone,Electronics,South,1,66763.0
2025-02-18,Bookshelf,Furniture,North,5,57870.0
2025-11-21,Headphones,Electronics,West,8,31040.0
2025-11-07,Study Desk,Furniture,South,2,30978.0
2025-10-21,Backpack,Stationery,South,1,2774.0
2025-10-31,Study Desk,Furniture,West,2,48996.0
2025-03-12,Jacket,Apparel,South,3,24966.0
2025-06-17,Bookshelf,Furniture,North,1,8018.0
2025-03-29,Bookshelf,Furniture,South,2,10390.0
2025-12-28,Blender,Appliances,North,4,38816.0
2025-12-07,Office Chair,Furniture,Central,4,50772.0
2025-08-29,Headphones,Electronics,East,1,4373.0
2025-09-28,Microwave,Appliances,North,3,46212.0
2025-02-20,Jacket,Apparel,East,1,7247.0
2025-10-22,Jacket,Apparel,North,6,41202.0
2025-05-21,Laptop,Electronics,West,4,353764.0
2025-11-21,Backpack,Stationery,North,1,2498.0
2025-03-31,Study Desk,Furniture,East,1,21977.0
2025-02-09,Running Shoes,Apparel,North,2,14982.0
2025-10-08,Notebook Set,Stationery,West,6,3306.0
2025-10-19,Laptop,Electronics,South,9,692649.0
2025-05-31,Blender,Appliances,South,1,9835.0
2025-03-15,Smartphone,Electronics,East,1,51395.0
2025-02-08,Smartphone,Electronics,West,3,219468.0
2025-03-14,Running Shoes,Apparel,North,6,29496.0
2025-04-29,Laptop,Electronics,North,3,288612.0
2025-06-21,Running Shoes,Apparel,South,5,1000.0
2025-08-13,Jacket,Apparel,North,1,4899.0
2025-03-28,Microwave,Appliances,South,3,20094.0
2025-03-27,Running Shoes,Apparel,West,4,13980.0
2025-03-03,Bookshelf,Furniture,North,4,34832.0
2025-10-05,Backpack,Stationery,Central,1,3357.0
2025-04-29,Blender,Appliances,South,3,20553.0
2025-12-18,Running Shoes,Apparel,East,4,16208.0
2025-10-28,Air Fryer,Appliances,Central,5,29410.0
2025-03-14,Office Chair,Furniture,East,1,10282.0
2025-12-03,Blender,Appliances,North,4,33244.0
2025-11-09,Smartphone,Electronics,South,4,210260.0
2025-05-09,Office Chair,Furniture,South,4,71400.0
2025-01-19,Running Shoes,Apparel,West,1,6139.0
2025-12-24,Jacket,Apparel,Central,4,31000.0
2025-04-28,Notebook Set,Stationery,West,3,1785.0
2025-11-01,T-Shirt,Apparel,East,4,7008.0
2025-01-31,Office Chair,Furniture,East,1,14272.0
2025-09-10,Bookshelf,Furniture,West,2,15746.0
2025-06-15,Bookshelf,Furniture,South,2,21760.0
2025-10-19,Backpack,Stationery,West,3,13968.0
2025-01-19,Study Desk,Furniture,East,1,14608.0
2025-06-24,Blender,Appliances,East,4,22008.0
2025-04-02,Bookshelf,Furniture,North,3,23541.0
2025-07-30,Office Chair,Furniture,East,4,79220.0
2025-04-17,Notebook Set,Stationery,South,1,633.0
2025-06-28,Smartphone,Electronics,Central,6,281268.0
2025-10-20,Microwave,Appliances,North,1,18821.0
2025-10-05,Blender,Appliances,North,1,7120.0
2025-07-21,Running Shoes,Apparel,South,4,28604.0
2025-02-21,Laptop,Electronics,South,1,103034.0
2025-01-31,Notebook Set,Stationery,South,2,442.0
2025-07-02,Microwave,Appliances,West,1,16285.0
2025-02-15,Bookshelf,Furniture,North,3,31266.0
2025-06-23,Blender,Appliances,North,2,13988.0
2025-09-23,Backpack,Stationery,North,3,8040.0
2025-05-26,Smartphone,Electronics,North,2,121002.0
2025-06-03,Study Desk,Furniture,North,2,43114.0
2025-06-05,Running Shoes,Apparel,North,2,9114.0
2025-05-15,Notebook Set,Stationery,North,7,3507.0
2025-08-22,Laptop,Electronics,North,5,550350.0
2025-05-01,Running Shoes,Apparel,South,5,28985.0
2025-03-23,T-Shirt,Apparel,East,2,558.0
2025-07-05,Blender,Appliances,South,6,37500.0
2025-12-06,Notebook Set,Stationery,East,7,3031.0
2025-04-14,Microwave,Appliances,North,3,32010.0
2025-02-18,Headphones,Electronics,North,4,22660.0
2025-04-07,Headphones,Electronics,South,1,6699.0
2025-08-09,Backpack,Stationery,South,3,5844.0
2025-04-12,Headphones,Electronics,North,4,19284.0
2025-06-23,Notebook Set,Stationery,North,2,790.0
2025-10-13,Backpack,Stationery,East,3,6393.0
2025-09-20,Office Chair,Furniture,North,5,43050.0
2025-03-18,Backpack,Stationery,North,3,9564.0
2025-08-22,Headphones,Electronics,South,2,6834.0
2025-07-05,Air Fryer,Appliances,South,2,25476.0
2025-03-25,Jacket,Apparel,Central,1,8095.0
2025-01-29,Blender,Appliances,North,2,16120.0
2025-04-01,Notebook Set,Stationery,West,3,1239.0
2025-06-12,Blender,Appliances,North,4,39688.0
2025-08-07,Air Fryer,Appliances,East,4,48148.0
2025-12-29,Study Desk,Furniture,North,5,48330.0
2025-01-05,Microwave,Appliances,East,1,11662.0
2025-05-11,Laptop,Electronics,North,2,165484.0
2025-07-30,Smartphone,Electronics,West,1,64016.0
2025-02-27,T-Shirt,Apparel,North,3,1779.0
2025-10-03,Jacket,Apparel,East,3,13176.0
2025-08-09,Bookshelf,Furniture,Central,1,6347.0
2025-10-10,Running Shoes,Apparel,Central,3,8271.0
2025-11-22,Jacket,Apparel,West,5,40450.0
2025-11-18,Laptop,Electronics,East,4,359036.0
2025-11-24,Running Shoes,Apparel,Central,7,25305.0
2025-11-09,Air Fryer,Appliances,South,2,31846.0
2025-11-16,Study Desk,Furniture,East,7,123319.0
2025-12-10,Jacket,Apparel,South,2,9874.0
2025-08-08,Bookshelf,Furniture,West,1,11474.0
2025-03-25,Notebook Set,Stationery,East,1,725.0
2025-03-21,Notebook Set,Stationery,East,5,2190.0
2025-09-06,Study Desk,Furniture,North,2,24714.0
2025-05-17,Jacket,Apparel,East,1,7837.0
2025-08-31,Blender,Appliances,Central,7,61124.0
2025-04-28,Bookshelf,Furniture,South,4,34756.0
2025-05-10,Office Chair,Furniture,North,3,44151.0
2025-03-13,Bookshelf,Furniture,West,2,18042.0
2025-02-27,Notebook Set,Stationery,East,1,649.0
2025-07-23,Blender,Appliances,East,5,37515.0
2025-10-11,Laptop,Electronics,North,2,128348.0
2025-03-24,Office Chair,Furniture,Central,3,34947.0
2025-07-18,Office Chair,Furniture,South,2,19546.0
2025-01-18,Laptop,Electronics,Central,1,73231.0
2025-11-21,Blender,Appliances,South,2,10626.0
2025-03-30,Microwave,Appliances,South,1,12166.0
2025-06-21,Running Shoes,Apparel,West,3,15402.0
2025-12-05,Study Desk,Furniture,East,2,31996.0
2025-08-12,Study Desk,Furniture,South,5,89585.0
2025-06-04,Study Desk,Furniture,South,4,53880.0
2025-03-06,Smartphone,Electronics,North,4,213020.0
2025-06-03,Bookshelf,Furniture,East,2,15876.0
2025-01-13,Running Shoes,Apparel,South,1,3757.0
2025-06-08,Study Desk,Furniture,North,3,55041.0
2025-12-26,Headphones,Electronics,South,2,12416.0
2025-08-03,Notebook Set,Stationery,East,3,1419.0
2025-04-09,Study Desk,Furniture,North,3,51270.0
2025-05-05,Air Fryer,Appliances,West,6,63708.0
2025-08-04,Laptop,Electronics,South,4,325736.0
2025-01-20,Laptop,Electronics,Central,1,87769.0
2025-04-05,Microwave,Appliances,South,4,86320.0
2025-06-12,Air Fryer,Appliances,North,1,14584.0
2025-08-23,Backpack,Stationery,West,2,6116.0
2025-07-11,Notebook Set,Stationery,South,1,409.0
2025-10-29,Microwave,Appliances,North,3,44031.0
2025-08-06,Smartphone,Electronics,West,3,129879.0
2025-08-08,Backpack,Stationery,North,2,5678.0
2025-04-06,Bookshelf,Furniture,North,7,31689.0
2025-03-18,Microwave,Appliances,West,4,43036.0
2025-06-17,Bookshelf,Furniture,West,4,33040.0
2025-07-20,Air Fryer,Appliances,East,3,39315.0
2025-03-06,Laptop,Electronics,East,2,183498.0
2025-04-14,Smartphone,Electronics,West,2,94714.0
2025-10-06,Smartphone,Electronics,West,5,162130.0
2025-08-25,Notebook Set,Stationery,East,9,2916.0
2025-02-25,Running Shoes,Apparel,Central,1,6189.0
2025-09-23,Jacket,Apparel,West,3,26514.0
2025-05-02,Laptop,Electronics,North,2,149678.0
2025-08-06,Air Fryer,Appliances,North,4,45968.0
2025-04-02,Bookshelf,Furniture,North,2,27922.0
2025-05-28,Jacket,Apparel,North,3,24462.0
2025-01-04,Headphones,Electronics,North,1,4486.0
2025-08-11,Smartphone,Electronics,South,2,109372.0
2025-10-29,Backpack,Stationery,North,2,5042.0
2025-08-18,Blender,Appliances,West,2,14146.0
2025-06-26,Headphones,Electronics,South,2,12146.0
2025-10-09,Headphones,Electronics,South,1,5649.0
2025-06-16,Headphones,Electronics,South,6,36618.0
2025-02-03,Backpack,Stationery,Central,4,12464.0
2025-11-16,Running Shoes,Apparel,East,2,11858.0
2025-11-05,Notebook Set,Stationery,North,5,2245.0
2025-04-13,Backpack,Stationery,Central,3,11604.0
2025-04-11,Notebook Set,Stationery,South,2,1126.0
2025-05-04,Backpack,Stationery,North,5,12860.0
2025-03-25,Air Fryer,Appliances,North,4,48932.0
2025-06-25,Notebook Set,Stationery,West,5,3070.0
2025-07-28,Office Chair,Furniture,West,6,55878.0
2025-07-29,Headphones,Electronics,North,4,22140.0
2025-10-08,Study Desk,Furniture,North,7,110810.0
2025-11-24,Notebook Set,Stationery,East,2,780.0
2025-03-26,Running Shoes,Apparel,West,3,14784.0
2025-02-04,Running Shoes,Apparel,West,4,10740.0
2025-01-09,Jacket,Apparel,North,1,5576.0
2025-07-24,Laptop,Electronics,East,2,188876.0
2025-06-04,Office Chair,Furniture,North,6,26946.0
2025-04-30,Backpack,Stationery,East,4,12284.0
2025-03-24,Headphones,Electronics,West,4,19392.0
2025-01-01,Air Fryer,Appliances,North,3,20022.0
2025-05-21,Jacket,Apparel,West,1,8475.0
2025-07-05,Backpack,Stationery,East,4,14448.0
2025-01-30,Microwave,Appliances,West,1,18660.0
2025-07-29,T-Shirt,Apparel,South,4,4572.0
2025-09-03,Blender,Appliances,South,3,23943.0
2025-07-08,Notebook Set,Stationery,East,2,828.0
2025-01-17,Backpack,Stationery,West,4,17572.0
2025-08-18,T-Shirt,Apparel,North,1,1490.0
2025-06-26,T-Shirt,Apparel,South,3,6249.0
2025-09-20,Notebook Set,Stationery,East,1,356.0
2025-03-27,Headphones,Electronics,South,3,7509.0
2025-05-31,Jacket,Apparel,South,1,7260.0
2025-04-28,Backpack,Stationery,North,5,20345.0
2025-08-14,Headphones,Electronics,West,2,12188.0
2025-10-06,Study Desk,Furniture,Central,1,16712.0
2025-01-04,Blender,Appliances,North,1,7853.0
2025-01-08,Blender,Appliances,East,1,9257.0
2025-11-02,Backpack,Stationery,East,2,5760.0
2025-02-24,Headphones,Electronics,South,5,16950.0
2025-01-08,Study Desk,Furniture,North,1,13428.0
2025-02-24,Smartphone,Electronics,West,1,53520.0
2025-07-18,Notebook Set,Stationery,South,1,366.0
2025-06-27,Blender,Appliances,South,2,20502.0
2025-01-26,Air Fryer,Appliances,West,1,15593.0
2025-10-31,Notebook Set,Stationery,North,1,399.0
2025-04-08,Running Shoes,Apparel,North,4,28320.0
2025-06-19,Backpack,Stationery,West,4,17228.0
2025-07-05,Jacket,Apparel,North,3,18636.0
2025-06-03,Air Fryer,Appliances,East,5,35265.0
2025-08-07,Air Fryer,Appliances,North,7,51695.0
2025-03-04,Air Fryer,Appliances,East,2,24276.0
2025-07-25,T-Shirt,Apparel,South,6,8370.0
2025-02-19,Study Desk,Furniture,South,1,21036.0
2025-03-02,Laptop,Electronics,East,4,303512.0
2025-04-18,Bookshelf,Furniture,North,2,24072.0
2025-02-12,Office Chair,Furniture,Central,2,26180.0
2025-02-04,Laptop,Electronics,North,3,164520.0
2025-09-24,Jacket,Apparel,Central,2,10790.0
2025-01-29,Laptop,Electronics,Central,1,68188.0
2025-08-11,Bookshelf,Furniture,Central,1,8656.0
2025-03-04,Office Chair,Furniture,Central,1,14609.0
2025-06-01,Smartphone,Electronics,North,3,215901.0
2025-07-25,T-Shirt,Apparel,East,6,4326.0
2025-06-10,Smartphone,Electronics,East,4,212440.0
2025-06-12,Office Chair,Furniture,North,1,15280.0
2025-07-06,Bookshelf,Furniture,West,4,40064.0
2025-04-19,Office Chair,Furniture,North,2,20224.0
2025-08-06,Office Chair,Furniture,South,6,42420.0
2025-01-25,Blender,Appliances,North,1,9388.0
2025-06-17,Running Shoes,Apparel,East,4,19988.0
2025-09-06,Running Shoes,Apparel,North,1,6505.0
2025-03-22,Backpack,Stationery,North,3,8763.0
2025-08-21,Headphones,Electronics,South,1,6795.0
2025-03-10,Notebook Set,Stationery,North,5,2575.0
2025-08-05,Office Chair,Furniture,East,3,41976.0
2025-04-20,Smartphone,Electronics,North,5,214355.0
2025-10-07,Air Fryer,Appliances,South,4,24896.0
2025-03-28,Headphones,Electronics,South,4,23552.0
2025-12-01,Air Fryer,Appliances,South,4,45316.0
2025-11-27,Backpack,Stationery,Central,2,1486.0
2025-12-25,Microwave,Appliances,Central,5,86895.0
2025-01-30,Microwave,Appliances,West,5,90295.0
2025-11-28,Microwave,Appliances,North,1,17075.0
2025-06-15,Backpack,Stationery,North,3,9894.0
2025-12-13,Blender,Appliances,East,5,55825.0
2025-07-11,Running Shoes,Apparel,South,3,10380.0
2025-08-05,Blender,Appliances,Central,4,47540.0
2025-08-01,Microwave,Appliances,West,2,14852.0
2025-12-05,Office Chair,Furniture,Central,4,36716.0
2025-03-16,Air Fryer,Appliances,North,4,38268.0
2025-03-16,Jacket,Apparel,North,2,16748.0
2025-08-14,Study Desk,Furniture,North,3,52476.0
2025-09-26,Air Fryer,Appliances,East,9,120141.0
2025-01-01,Backpack,Stationery,North,2,8052.0
2025-03-10,Jacket,Apparel,South,5,24390.0
2025-07-17,Smartphone,Electronics,South,4,277172.0
2025-03-23,Headphones,Electronics,North,1,5686.0
2025-03-07,Study Desk,Furniture,West,8,177240.0
2025-05-08,Bookshelf,Furniture,North,4,49276.0
2025-04-20,Study Desk,Furniture,East,6,77442.0
2025-07-30,Study Desk,Furniture,North,1,21026.0
2025-07-17,Backpack,Stationery,West,1,3248.0
2025-03-18,Notebook Set,Stationery,North,4,2632.0
2025-04-21,Smartphone,Electronics,South,1,51850.0
2025-06-02,Notebook Set,Stationery,East,4,1612.0
2025-08-07,Notebook Set,Stationery,South,1,499.0
2025-03-14,Jacket,Apparel,West,3,22851.0
2025-05-25,Smartphone,Electronics,West,3,165420.0
2025-01-16,Study Desk,Furniture,East,1,19116.0
2025-02-14,Jacket,Apparel,North,4,22724.0
2025-04-25,Bookshelf,Furniture,West,3,25647.0
2025-05-30,Air Fryer,Appliances,North,2,29678.0
2025-06-18,Headphones,Electronics,West,3,19899.0
2025-12-26,Running Shoes,Apparel,North,2,13184.0
2025-10-31,Jacket,Apparel,North,7,63882.0
2025-06-03,Jacket,Apparel,West,2,16720.0
2025-11-02,Laptop,Electronics,South,2,138258.0
2025-03-13,Microwave,Appliances,North,2,24132.0
2025-02-28,Bookshelf,Furniture,East,1,9166.0
2025-07-15,Blender,Appliances,East,2,8902.0
2025-02-23,Study Desk,Furniture,South,2,27486.0
2025-04-21,Headphones,Electronics,Central,1,2878.0
2025-06-06,Study Desk,Furniture,Central,3,33843.0
2025-12-25,Notebook Set,Stationery,South,1,803.0
2025-03-04,Laptop,Electronics,Central,3,291258.0
2025-09-18,Backpack,Stationery,East,3,6864.0
2025-09-16,Backpack,Stationery,West,5,17555.0
2025-11-12,Bookshelf,Furniture,East,2,13552.0
2025-11-19,Office Chair,Furniture,North,1,7610.0
2025-06-30,Office Chair,Furniture,South,1,12251.0
2025-03-09,Notebook Set,Stationery,East,1,299.0
2025-06-02,Notebook Set,Stationery,North,2,1046.0
2025-08-06,Smartphone,Electronics,Central,2,127210.0
2025-09-21,Backpack,Stationery,East,1,2417.0
2025-03-16,Running Shoes,Apparel,North,4,25292.0
2025-04-25,Blender,Appliances,South,6,44076.0
2025-12-02,Running Shoes,Apparel,West,5,30230.0
2025-01-14,Office Chair,Furniture,North,3,54339.0
2025-10-10,Smartphone,Electronics,South,1,44026.0
2025-10-19,Air Fryer,Appliances,South,3,32478.0
2025-05-26,Smartphone,Electronics,West,4,181336.0
2025-11-13,Backpack,Stationery,Central,1,2579.0
2025-03-27,Bookshelf,Furniture,West,2,8664.0
2025-08-31,Laptop,Electronics,North,3,215151.0
2025-06-16,Laptop,Electronics,East,5,471490.0
2025-11-08,Blender,Appliances,Central,5,36355.0
2025-06-19,Notebook Set,Stationery,West,4,3364.0
2025-09-23,Study Desk,Furniture,East,5,90655.0
2025-05-11,Study Desk,Furniture,North,2,31198.0
2025-01-21,Microwave,Appliances,East,3,56211.0
2025-09-09,Smartphone,Electronics,North,3,156516.0
2025-10-11,Study Desk,Furniture,South,5,108855.0
2025-03-01,Smartphone,Electronics,Central,4,141316.0
2025-08-11,Bookshelf,Furniture,West,4,35632.0
2025-04-21,Notebook Set,Stationery,South,2,400.0
2025-11-12,Blender,Appliances,North,8,51960.0
2025-01-12,Running Shoes,Apparel,North,3,12585.0
2025-10-07,Smartphone,Electronics,West,3,174852.0
2025-10-13,Microwave,Appliances,North,4,65052.0
2025-10-18,Headphones,Electronics,South,1,4147.0
2025-01-02,Backpack,Stationery,North,5,4995.0
2025-08-04,Study Desk,Furniture,East,3,56472.0
2025-09-12,Bookshelf,Furniture,South,2,21116.0
2025-09-10,Microwave,Appliances,West,2,20810.0
2025-07-23,Bookshelf,Furniture,West,1,8699.0
2025-12-18,Office Chair,Furniture,East,1,10911.0
2025-06-03,Notebook Set,Stationery,West,1,459.0
2025-05-05,Study Desk,Furniture,North,3,54012.0
2025-01-29,Backpack,Stationery,North,1,5278.0
2025-06-28,Office Chair,Furniture,North,5,74940.0
2025-09-25,T-Shirt,Apparel,Central,2,2220.0
2025-07-22,Study Desk,Furniture,Central,3,50361.0
2025-09-19,Office Chair,Furniture,North,7,95340.0
2025-11-05,Jacket,Apparel,South,1,6432.0
2025-03-24,Laptop,Electronics,East,2,157628.0
2025-02-11,T-Shirt,Apparel,North,5,1915.0
2025-01-28,Jacket,Apparel,North,1,6910.0
2025-03-15,Running Shoes,Apparel,West,3,21405.0
2025-01-07,Air Fryer,Appliances,Central,1,12578.0
2025-04-17,Running Shoes,Apparel,South,1,4672.0
2025-10-23,Notebook Set,Stationery,East,7,4249.0
2025-12-24,Microwave,Appliances,South,7,91959.0
2025-10-10,Smartphone,Electronics,East,4,216564.0
2025-07-16,Air Fryer,Appliances,Central,1,8491.0
2025-09-06,Notebook Set,Stationery,South,2,978.0
2025-10-06,T-Shirt,Apparel,West,3,2889.0
2025-08-06,Bookshelf,Furniture,North,3,30078.0
2025-12-31,Air Fryer,Appliances,North,4,23000.0
2025-10-05,Study Desk,Furniture,South,5,103500.0
2025-09-12,Study Desk,Furniture,West,2,40618.0
2025-01-31,Laptop,Electronics,South,1,102409.0
2025-04-13,Headphones,Electronics,East,1,4619.0
2025-03-14,Study Desk,Furniture,East,4,77260.0
2025-01-13,Bookshelf,Furniture,North,4,30992.0
2025-04-24,Office Chair,Furniture,North,1,18235.0
2025-09-27,Microwave,Appliances,South,5,57440.0
2025-03-03,Office Chair,Furniture,East,4,51004.0
2025-05-12,Microwave,Appliances,South,1,18469.0
2025-07-20,T-Shirt,Apparel,South,5,6265.0
2025-11-12,Smartphone,Electronics,South,4,142424.0
2025-12-30,Backpack,Stationery,East,8,46632.0
2025-02-05,Bookshelf,Furniture,South,2,24050.0
2025-01-21,Air Fryer,Appliances,West,2,19390.0
2025-05-21,Blender,Appliances,North,6,43380.0
2025-02-13,Air Fryer,Appliances,Central,5,53715.0
2025-05-24,Study Desk,Furniture,West,4,52636.0
2025-11-18,Blender,Appliances,East,11,62623.0
2025-06-14,Office Chair,Furniture,West,1,11476.0
2025-02-07,Office Chair,Furniture,Central,3,43482.0
2025-11-24,Running Shoes,Apparel,West,4,20056.0
2025-06-08,Jacket,Apparel,Central,4,23912.0
2025-02-03,Backpack,Stationery,Central,5,14640.0
2025-05-02,Air Fryer,Appliances,North,4,51964.0
2025-06-29,Notebook Set,Stationery,East,4,2620.0
2025-01-28,Backpack,Stationery,North,1,3243.0
2025-07-11,T-Shirt,Apparel,South,4,6364.0
2025-11-18,Study Desk,Furniture,West,5,111190.0
2025-08-05,Laptop,Electronics,Central,5,477640.0
2025-12-06,Bookshelf,Furniture,West,7,40915.0
2025-10-27,Running Shoes,Apparel,West,5,36665.0
2025-07-14,Air Fryer,Appliances,North,4,41284.0
2025-09-08,Running Shoes,Apparel,North,5,35380.0
2025-02-16,Backpack,Stationery,East,5,18870.0
2025-04-29,Jacket,Apparel,South,2,15500.0
2025-05-18,Headphones,Electronics,North,2,12726.0
2025-04-25,Air Fryer,Appliances,South,1,12021.0
2025-10-12,T-Shirt,Apparel,West,6,9678.0
2025-09-21,Smartphone,Electronics,North,4,249372.0
2025-05-11,Running Shoes,Apparel,South,2,10732.0
2025-07-09,Running Shoes,Apparel,South,9,23787.0
2025-02-21,Study Desk,Furniture,North,2,23612.0
2025-06-22,Smartphone,Electronics,West,1,47841.0
2025-09-27,Running Shoes,Apparel,South,1,4602.0
2025-11-18,Running Shoes,Apparel,North,2,7146.0
2025-08-05,Headphones,Electronics,North,5,24495.0
2025-10-26,Blender,Appliances,South,1,8287.0
2025-09-10,Smartphone,Electronics,Central,3,180675.0
2025-09-10,Notebook Set,Stationery,South,2,854.0
2025-03-27,Study Desk,Furniture,South,2,46704.0
2025-11-17,Running Shoes,Apparel,West,1,7320.0
2025-08-26,Study Desk,Furniture,North,1,17532.0
2025-10-19,Air Fryer,Appliances,Central,5,66760.0
2025-02-22,Air Fryer,Appliances,South,2,14868.0
2025-10-16,Jacket,Apparel,Central,3,10206.0
2025-09-10,Laptop,Electronics,East,2,162686.0
2025-05-26,Smartphone,Electronics,East,3,163803.0
2025-08-16,Microwave,Appliances,,2,26520.0
2025-02-23,Air Fryer,Appliances,North,1,6149.0
2025-07-20,Office Chair,Furniture,East,3,33888.0
2025-09-14,Laptop,Electronics,North,3,346854.0
2025-08-09,Study Desk,Furniture,North,3,46278.0
2025-02-25,T-Shirt,Apparel,West,1,608.0
2025-09-11,Microwave,Appliances,West,2,40126.0
2025-10-11,Smartphone,Electronics,West,3,172029.0
2025-08-11,Microwave,Appliances,West,1,17562.0
2025-07-25,Backpack,Stationery,North,3,5475.0
2025-03-10,Smartphone,Electronics,West,4,242988.0
2025-06-27,Microwave,Appliances,North,2,37496.0
2025-07-18,Notebook Set,Stationery,South,4,1948.0
2025-08-22,Air Fryer,Appliances,North,2,31170.0
2025-03-08,Office Chair,Furniture,West,2,20038.0
2025-03-23,Laptop,Electronics,South,1,58673.0
2025-12-23,Running Shoes,Apparel,West,2,13734.0
2025-02-04,Microwave,Appliances,East,3,46851.0
2025-05-04,Study Desk,Furniture,West,2,31848.0
2025-05-13,Running Shoes,Apparel,North,4,15128.0
2025-06-06,Backpack,Stationery,East,2,6448.0
2025-08-08,Backpack,Stationery,East,5,13130.0
2025-12-01,T-Shirt,Apparel,North,1,945.0
2025-08-15,Office Chair,Furniture,West,1,6931.0
2025-11-20,Bookshelf,Furniture,South,1,14376.0
2025-09-22,Running Shoes,Apparel,East,5,26770.0
2025-04-24,Headphones,Electronics,Central,2,9056.0
2025-04-14,Laptop,Electronics,West,1,119870.0
2025-12-18,Office Chair,Furniture,East,5,53680.0
2025-11-09,Blender,Appliances,South,1,8237.0
2025-02-15,Smartphone,Electronics,East,1,66431.0
2025-01-08,Study Desk,Furniture,Central,5,72815.0
2025-02-16,Study Desk,Furniture,East,2,49350.0
2025-07-20,Bookshelf,Furniture,East,3,30540.0
2025-03-11,Microwave,Appliances,Central,3,39996.0
2025-11-21,Bookshelf,Furniture,West,2,15488.0
2025-05-21,Office Chair,Furniture,West,4,49360.0
2025-01-13,Office Chair,Furniture,North,1,6989.0
2025-06-25,Headphones,Electronics,Central,4,25204.0
2025-04-12,Air Fryer,Appliances,North,2,22350.0
2025-04-18,Notebook Set,Stationery,West,3,600.0
2025-03-14,Office Chair,Furniture,Central,5,36895.0
2025-09-25,Smartphone,Electronics,East,4,298168.0
2025-07-14,Blender,Appliances,West,1,6230.0
2025-02-28,Microwave,Appliances,North,5,76670.0
2025-12-12,Smartphone,Electronics,Central,7,378539.0
2025-10-05,Jacket,Apparel,,4,24176.0
2025-07-09,Jacket,Apparel,West,1,5943.0
2025-08-01,Backpack,Stationery,Central,2,7158.0
2025-01-24,Notebook Set,Stationery,West,3,2037.0
2025-03-26,Running Shoes,Apparel,South,2,13200.0
2025-01-29,Backpack,Stationery,Central,2,8552.0
2025-09-20,Notebook Set,Stationery,North,3,1200.0
2025-05-05,Laptop,Electronics,West,4,335164.0
2025-09-26,Laptop,Electronics,East,2,137566.0
2025-12-02,Microwave,Appliances,North,4,41580.0
2025-07-21,Laptop,Electronics,North,5,421100.0
2025-08-03,Laptop,Electronics,North,1,94663.0
2025-05-31,Laptop,Electronics,South,2,205032.0
2025-03-13,Study Desk,Furniture,Central,2,25320.0
2025-08-14,Blender,Appliances,North,3,23685.0
2025-11-14,Blender,Appliances,West,1,7927.0
2025-09-19,Headphones,Electronics,South,4,23236.0
2025-12-12,Laptop,Electronics,East,7,512827.0
2025-06-05,Microwave,Appliances,North,3,35580.0
2025-10-20,Office Chair,Furniture,North,1,10128.0
2025-08-14,Smartphone,Electronics,East,5,268775.0
2025-12-05,Microwave,Appliances,West,7,88725.0
2025-11-25,Running Shoes,Apparel,South,5,21465.0
2025-07-13,Smartphone,Electronics,South,6,402606.0
2025-06-19,Smartphone,Electronics,South,2,110042.0
2025-04-17,Air Fryer,Appliances,South,3,32799.0
2025-09-26,Notebook Set,Stationery,West,5,2740.0
2025-01-17,T-Shirt,Apparel,Central,5,8600.0
2025-07-12,Microwave,Appliances,Central,4,40416.0
2025-12-15,Blender,Appliances,Central,7,49805.0
2025-03-31,Smartphone,Electronics,North,2,109106.0
2025-07-10,Running Shoes,Apparel,East,3,22134.0
2025-01-20,Bookshelf,Furniture,East,1,6703.0
2025-01-24,Bookshelf,Furniture,Central,1,6220.0
2025-03-02,Headphones,Electronics,East,4,9312.0
2025-06-15,T-Shirt,Apparel,South,3,600.0
2025-03-24,Laptop,Electronics,North,3,261813.0
2025-08-11,Jacket,Apparel,West,3,18663.0
2025-05-02,Running Shoes,Apparel,North,4,15144.0
2025-04-27,Jacket,Apparel,South,3,10275.0
2025-01-10,Bookshelf,Furniture,West,2,18444.0
2025-01-18,Laptop,Electronics,East,3,330438.0
2025-03-18,Smartphone,Electronics,Central,2,123488.0
2025-12-20,Air Fryer,Appliances,South,2,15682.0
2025-07-11,Notebook Set,Stationery,West,4,1732.0
2025-09-18,Office Chair,Furniture,West,4,52908.0
2025-01-16,Air Fryer,Appliances,Central,3,29844.0
2025-04-01,Notebook Set,Stationery,Central,1,340.0
2025-06-25,Bookshelf,Furniture,South,3,15138.0
2025-12-29,Backpack,Stationery,Central,1,3021.0
2025-04-19,Laptop,Electronics,East,2,194954.0
2025-10-31,Running Shoes,Apparel,East,4,17640.0
2025-10-12,Notebook Set,Stationery,West,3,1695.0
2025-01-13,Jacket,Apparel,South,4,22724.0
2025-03-10,Notebook Set,Stationery,South,3,600.0
2025-10-30,Microwave,Appliances,North,4,74452.0
2025-07-29,Jacket,Apparel,East,4,22360.0
2025-02-16,Running Shoes,Apparel,Central,2,16516.0
2025-04-10,Study Desk,Furniture,South,4,83532.0
2025-12-04,Blender,Appliances,East,5,42955.0
2025-06-09,Backpack,Stationery,North,1,3782.0
2025-10-10,Jacket,Apparel,North,2,19938.0
2025-06-12,Running Shoes,Apparel,West,4,17300.0
2025-07-19,Smartphone,Electronics,West,1,62692.0
2025-08-13,Running Shoes,Apparel,West,3,16035.0
2025-01-06,Study Desk,Furniture,South,1,21697.0
2025-10-05,Jacket,Apparel,South,3,11457.0
2025-07-03,Air Fryer,Appliances,Central,2,20914.0
2025-08-19,Smartphone,Electronics,South,3,149781.0
2025-08-09,Office Chair,Furniture,North,1,6033.0
2025-09-03,Study Desk,Furniture,West,2,45138.0
2025-03-30,Air Fryer,Appliances,South,4,32820.0
2025-04-02,Notebook Set,Stationery,West,2,1442.0
2025-06-04,Air Fryer,Appliances,North,1,8513.0
2025-09-11,Air Fryer,Appliances,West,1,7508.0
2025-02-28,Microwave,Appliances,East,1,18228.0
2025-12-30,Notebook Set,Stationery,South,1,1024.0
2025-02-21,Air Fryer,Appliances,East,2,16562.0
2025-04-21,Blender,Appliances,Central,3,25977.0
2025-12-13,T-Shirt,Apparel,South,4,5568.0
2025-07-03,Blender,Appliances,North,2,14124.0
2025-09-20,Jacket,Apparel,Central,2,19164.0
2025-03-24,Air Fryer,Appliances,East,3,32739.0
2025-01-31,Study Desk,Furniture,East,1,14728.0
2025-02-12,Bookshelf,Furniture,North,1,8219.0
2025-03-18,Notebook Set,Stationery,West,3,690.0
2025-06-29,Notebook Set,Stationery,East,3,1860.0
2025-12-03,Microwave,Appliances,West,8,118736.0
2025-03-27,Microwave,Appliances,North,1,12361.0
2025-04-28,Study Desk,Furniture,East,2,36548.0
2025-08-16,Headphones,Electronics,East,4,17188.0
2025-06-06,T-Shirt,Apparel,South,2,2334.0
2025-06-07,Smartphone,Electronics,East,3,183192.0
2025-02-12,Running Shoes,Apparel,North,2,9286.0
2025-12-10,Office Chair,Furniture,South,4,50812.0
2025-12-26,Backpack,Stationery,Central,4,17944.0
2025-07-19,Office Chair,Furniture,North,3,23952.0
2025-12-17,Headphones,Electronics,East,2,10746.0
2025-06-28,Bookshelf,Furniture,West,6,27966.0
2025-11-01,Headphones,Electronics,South,8,49216.0
2025-01-30,Jacket,Apparel,East,4,26224.0
2025-11-18,Headphones,Electronics,North,2,6232.0
2025-05-22,Smartphone,Electronics,West,2,94200.0
2025-03-18,Jacket,Apparel,South,5,49095.0
2025-05-16,Blender,Appliances,West,2,15598.0
2025-01-10,T-Shirt,Apparel,West,1,434.0
2025-07-08,Office Chair,Furniture,North,4,34532.0
2025-10-28,Jacket,Apparel,North,4,24360.0
2025-11-16,Office Chair,Furniture,North,9,106110.0
2025-06-07,T-Shirt,Apparel,Central,1,1141.0
2025-10-11,Backpack,Stationery,South,9,29205.0
2025-06-06,T-Shirt,Apparel,South,2,2004.0
2025-03-24,Smartphone,Electronics,Central,5,266920.0
2025-08-31,T-Shirt,Apparel,South,5,7590.0
2025-10-19,Blender,Appliances,South,2,15614.0
2025-08-29,Blender,Appliances,West,2,13656.0
2025-06-28,Air Fryer,Appliances,East,2,25998.0
2025-05-12,Notebook Set,Stationery,Central,3,1503.0
2025-06-23,Blender,Appliances,East,4,28124.0
2025-08-10,Backpack,Stationery,West,5,19015.0
2025-11-18,Headphones,Electronics,West,4,22792.0
2025-01-24,Air Fryer,Appliances,North,5,42540.0
2025-07-21,Notebook Set,Stationery,East,6,4206.0
2025-04-27,Blender,Appliances,Central,4,17168.0
2025-06-16,Smartphone,Electronics,Central,2,125592.0
2025-06-26,Office Chair,Furniture,Central,1,13550.0
2025-11-15,T-Shirt,Apparel,East,1,1012.0
2025-07-13,Smartphone,Electronics,Central,5,217330.0
2025-05-01,Headphones,Electronics,East,4,24816.0
2025-06-25,Jacket,Apparel,North,7,27797.0
2025-01-19,Office Chair,Furniture,East,2,24220.0
2025-06-01,Blender,Appliances,Central,2,17880.0
2025-09-22,Bookshelf,Furniture,West,1,10568.0
2025-01-08,Air Fryer,Appliances,West,2,16232.0
2025-08-23,Study Desk,Furniture,North,2,41962.0
2025-05-13,Laptop,Electronics,East,2,225640.0
2025-08-12,Microwave,Appliances,East,1,12553.0
2025-10-15,Laptop,Electronics,South,2,149538.0
2025-03-18,Notebook Set,Stationery,West,3,1407.0
2025-05-01,Jacket,Apparel,South,1,8817.0
2025-08-31,Jacket,Apparel,North,4,34372.0
2025-01-28,T-Shirt,Apparel,North,1,965.0
2025-06-17,Microwave,Appliances,East,5,43055.0
2025-10-02,Running Shoes,Apparel,South,4,19672.0
2025-05-25,Jacket,Apparel,North,1,7940.0
2025-01-10,Backpack,Stationery,South,1,4185.0
2025-11-26,Laptop,Electronics,North,5,327165.0
2025-10-12,Notebook Set,Stationery,North,3,843.0
2025-12-23,Jacket,Apparel,South,2,15932.0
2025-09-26,Jacket,Apparel,Central,1,11051.0
2025-07-13,Notebook Set,Stationery,East,3,663.0
2025-02-01,Backpack,Stationery,South,1,3739.0
2025-06-07,Office Chair,Furniture,East,4,51256.0
2025-04-15,Smartphone,Electronics,South,2,97908.0
2025-05-02,Jacket,Apparel,West,4,23864.0
2025-11-07,Bookshelf,Furniture,West,8,64984.0
2025-11-19,Blender,Appliances,South,1,10214.0
2025-06-27,Microwave,Appliances,East,4,14892.0
2025-08-16,Headphones,Electronics,East,8,37952.0
2025-05-07,Microwave,Appliances,West,3,34719.0
2025-02-22,Smartphone,Electronics,North,1,17912.0
2025-07-16,Blender,Appliances,South,1,6402.0
2025-01-02,Notebook Set,Stationery,North,3,2235.0
2025-06-07,Study Desk,Furniture,North,1,19119.0
2025-06-02,Backpack,Stationery,West,1,3767.0
2025-07-16,Jacket,Apparel,West,4,24876.0
2025-06-11,Air Fryer,Appliances,East,6,66384.0
2025-04-28,Notebook Set,Stationery,West,3,1878.0
2025-12-08,Blender,Appliances,East,1,7572.0
2025-06-21,T-Shirt,Apparel,West,3,5502.0
2025-03-28,Backpack,Stationery,North,3,8751.0
2025-04-16,Study Desk,Furniture,West,5,82125.0
2025-03-15,Office Chair,Furniture,West,2,31270.0
2025-03-26,Microwave,Appliances,North,2,18948.0
2025-01-10,Backpack,Stationery,Central,1,4232.0
2025-07-08,Running Shoes,Apparel,Central,2,10724.0
2025-01-17,Bookshelf,Furniture,West,5,29705.0
2025-10-02,Air Fryer,Appliances,West,2,27418.0
2025-11-12,Bookshelf,Furniture,North,1,9284.0
2025-06-07,Bookshelf,Furniture,East,3,28026.0
2025-01-30,Running Shoes,Apparel,East,1,8651.0
2025-08-04,Blender,Appliances,North,2,12650.0
2025-04-17,Microwave,Appliances,West,8,125040.0
2025-01-28,Running Shoes,Apparel,North,1,5604.0
2025-09-23,Microwave,Appliances,East,2,28268.0
2025-05-28,Running Shoes,Apparel,East,1,4739.0
2025-05-25,Headphones,Electronics,Central,4,25000.0
2025-01-01,Headphones,Electronics,Central,4,18336.0
2025-05-20,Study Desk,Furniture,West,4,51808.0
2025-04-12,Smartphone,Electronics,South,1,40723.0
2025-09-13,Bookshelf,Furniture,West,1,9507.0
2025-06-13,Headphones,Electronics,East,5,19580.0
2025-10-13,Blender,Appliances,West,1,8747.0
2025-01-13,Smartphone,Electronics,North,1,75032.0
2025-06-29,Bookshelf,Furniture,South,1,9626.0
2025-02-08,Bookshelf,Furniture,South,1,6893.0
2025-05-21,Microwave,Appliances,South,4,59248.0
2025-09-02,Office Chair,Furniture,North,2,33618.0
2025-01-29,Blender,Appliances,East,2,18536.0
2025-03-02,Air Fryer,Appliances,Central,1,8993.0
2025-06-26,Headphones,Electronics,South,3,10110.0
2025-12-17,Headphones,Electronics,East,4,15000.0
2025-05-07,Backpack,Stationery,Central,2,6582.0
2025-05-05,Study Desk,Furniture,North,2,33684.0
2025-10-22,Smartphone,Electronics,Central,3,164178.0
2025-01-13,Smartphone,Electronics,East,4,245232.0
2025-03-06,Office Chair,Furniture,West,1,15006.0
2025-02-27,Study Desk,Furniture,Central,1,24438.0
2025-03-15,Bookshelf,Furniture,South,2,14012.0
2025-10-20,Backpack,Stationery,West,1,3081.0
2025-06-28,Bookshelf,Furniture,West,6,41250.0
2025-05-27,Running Shoes,Apparel,Central,3,15768.0
2025-04-02,Jacket,Apparel,West,2,23218.0
2025-12-25,Jacket,Apparel,South,4,23044.0
2025-09-20,Backpack,Stationery,South,4,11024.0
2025-06-16,Laptop,Electronics,East,1,87505.0
2025-10-20,Headphones,Electronics,Central,3,13530.0
2025-09-08,Jacket,Apparel,Central,3,11529.0
2025-12-09,Study Desk,Furniture,South,2,34912.0
2025-09-20,Jacket,Apparel,West,3,18297.0
2025-09-14,Backpack,Stationery,West,1,4715.0
2025-11-30,T-Shirt,Apparel,East,4,3296.0
2025-07-15,Running Shoes,Apparel,North,1,6280.0
2025-02-28,Blender,Appliances,East,1,9807.0
2025-07-06,Backpack,Stationery,West,5,20805.0
2025-12-06,Smartphone,Electronics,East,5,301760.0
2025-01-18,Laptop,Electronics,South,4,300544.0
2025-11-22,Backpack,Stationery,South,2,4888.0
2025-05-31,Jacket,Apparel,West,4,13744.0
2025-08-06,Study Desk,Furniture,South,2,32416.0
2025-10-19,Microwave,Appliances,East,2,25200.0
2025-05-16,Running Shoes,Apparel,South,1,8440.0
2025-07-04,Air Fryer,Appliances,North,6,76758.0
2025-01-28,Study Desk,Furniture,East,1,9518.0
2025-01-04,Running Shoes,Apparel,South,2,14552.0
2025-07-17,Bookshelf,Furniture,West,1,4706.0
2025-08-20,Smartphone,Electronics,East,2,104486.0
2025-08-22,Headphones,Electronics,South,1,4189.0
2025-12-01,Bookshelf,Furniture,East,1,7764.0
2025-10-14,Backpack,Stationery,North,5,12005.0
2025-04-13,Backpack,Stationery,North,1,3491.0
2025-11-21,Study Desk,Furniture,South,5,79345.0
2025-03-06,Laptop,Electronics,South,2,97358.0
2025-08-29,Notebook Set,Stationery,East,2,400.0
2025-09-25,Blender,Appliances,West,1,5921.0
2025-11-22,Backpack,Stationery,East,7,22267.0
2025-12-15,Blender,Appliances,Central,7,49805.0
2025-12-07,Microwave,Appliances,West,8,117344.0
2025-12-12,Study Desk,Furniture,North,1,25125.0
2025-11-06,Laptop,Electronics,West,4,306504.0
2025-01-15,Notebook Set,Stationery,East,3,600.0
2025-02-25,Notebook Set,Stationery,North,2,720.0
2025-08-11,Backpack,Stationery,North,1,4431.0
2025-02-23,Jacket,Apparel,East,3,24591.0
2025-01-10,Study Desk,Furniture,West,8,160512.0
2025-08-24,Blender,Appliances,North,5,54755.0
2025-12-31,Blender,Appliances,North,1,8273.0
2025-12-12,Running Shoes,Apparel,East,5,30490.0
2025-07-24,Bookshelf,Furniture,Central,3,28311.0
2025-08-01,Bookshelf,Furniture,West,4,31912.0
2025-08-18,Jacket,Apparel,West,3,22791.0
2025-10-09,Notebook Set,Stationery,East,2,708.0
2025-07-18,Bookshelf,Furniture,West,4,40260.0
2025-07-06,Office Chair,Furniture,South,3,23103.0
2025-07-07,Notebook Set,Stationery,West,4,1728.0
2025-06-09,Office Chair,Furniture,West,4,39932.0
2025-06-02,Smartphone,Electronics,West,2,102852.0
2025-10-30,Blender,Appliances,East,3,27012.0
2025-08-03,Blender,Appliances,South,3,33411.0
2025-04-18,Headphones,Electronics,East,3,17784.0
2025-10-01,Jacket,Apparel,Central,1,4691.0
2025-07-13,Office Chair,Furniture,North,4,47300.0
2025-11-20,Office Chair,Furniture,South,2,27796.0
2025-08-14,Notebook Set,Stationery,North,5,1875.0
2025-11-02,Notebook Set,Stationery,East,2,1218.0
2025-07-28,Headphones,Electronics,South,3,10065.0
2025-12-17,Laptop,Electronics,South,1,77036.0
2025-04-13,Air Fryer,Appliances,West,2,16920.0
2025-02-10,T-Shirt,Apparel,South,1,766.0
2025-02-07,Office Chair,Furniture,North,3,23481.0
2025-08-11,Blender,Appliances,,3,24729.0
2025-01-17,Study Desk,Furniture,North,3,34290.0
2025-11-21,Backpack,Stationery,South,1,3637.0
2025-05-13,T-Shirt,Apparel,North,2,1426.0
2025-11-17,Air Fryer,Appliances,Central,5,48495.0
2025-01-11,Laptop,Electronics,South,5,439960.0
2025-01-03,Air Fryer,Appliances,South,1,10589.0
2025-02-15,Headphones,Electronics,Central,3,16902.0
2025-10-04,Study Desk,Furniture,West,5,73130.0
2025-10-21,Study Desk,Furniture,South,5,65735.0
2025-11-22,Backpack,Stationery,East,7,15120.0
2025-08-25,Office Chair,Furniture,North,2,20960.0
2025-12-12,Blender,Appliances,Central,1,10490.0
2025-10-12,Blender,Appliances,North,2,19552.0
2025-12-16,Headphones,Electronics,South,8,40976.0
2025-05-05,Smartphone,Electronics,West,3,136026.0
2025-08-08,Backpack,Stationery,North,2,5730.0
2025-03-11,Microwave,Appliances,South,1,9308.0
2025-01-22,T-Shirt,Apparel,South,1,970.0
2025-01-27,Office Chair,Furniture,North,5,69375.0
2025-04-18,Notebook Set,Stationery,East,4,2712.0
2025-07-07,Backpack,Stationery,Central,2,5716.0
2025-03-08,Bookshelf,Furniture,North,2,21296.0
2025-02-12,T-Shirt,Apparel,North,1,1801.0
2025-02-08,Headphones,Electronics,West,3,13455.0
2025-02-22,Jacket,Apparel,North,1,4002.0
2025-12-30,Running Shoes,Apparel,East,8,31240.0
2025-08-11,Laptop,Electronics,North,3,255846.0
2025-09-01,Study Desk,Furniture,South,3,45408.0
2025-07-28,Headphones,Electronics,North,6,28482.0
2025-05-17,Smartphone,Electronics,West,4,177236.0
2025-03-27,Study Desk,Furniture,West,3,59226.0
2025-01-04,Laptop,Electronics,East,1,84686.0
2025-02-01,Running Shoes,Apparel,West,2,11834.0
2025-05-25,Smartphone,Electronics,West,4,212152.0
2025-04-24,Laptop,Electronics,West,1,77079.0
2025-09-02,Study Desk,Furniture,East,2,43322.0
2025-03-11,Notebook Set,Stationery,North,4,1456.0
2025-09-13,Running Shoes,Apparel,South,2,12718.0
2025-01-16,Bookshelf,Furniture,East,1,10707.0
2025-07-15,Smartphone,Electronics,East,4,220440.0
2025-06-12,Running Shoes,Apparel,East,6,39960.0
2025-11-19,Smartphone,Electronics,North,5,312030.0
2025-02-27,T-Shirt,Apparel,North,4,5900.0
2025-03-04,Blender,Appliances,South,5,38225.0
2025-08-21,Microwave,Appliances,North,4,68164.0
2025-01-19,Office Chair,Furniture,East,3,43707.0
2025-08-12,Office Chair,Furniture,Central,3,21483.0
2025-12-14,Smartphone,Electronics,East,2,92730.0
2025-07-06,Blender,Appliances,South,3,26913.0
2025-02-07,Office Chair,Furniture,Central,3,46404.0
2025-06-11,Microwave,Appliances,Central,3,41145.0
2025-01-02,Study Desk,Furniture,North,2,30248.0
2025-04-22,Notebook Set,Stationery,South,5,1540.0
2025-11-01,T-Shirt,Apparel,West,7,4361.0
2025-12-07,Headphones,Electronics,West,1,4593.0
2025-07-12,Laptop,Electronics,West,1,99220.0
2025-12-24,Notebook Set,Stationery,West,8,3232.0
2025-12-11,Backpack,Stationery,West,5,19595.0
2025-08-31,Bookshelf,Furniture,North,7,60781.0
2025-01-25,Air Fryer,Appliances,West,2,25736.0
2025-02-04,Running Shoes,Apparel,East,5,19225.0
2025-06-09,Air Fryer,Appliances,South,2,17072.0
2025-07-04,Bookshelf,Furniture,North,5,41325.0
2025-10-13,Jacket,Apparel,Central,4,20184.0
2025-11-04,T-Shirt,Apparel,Central,8,14224.0
2025-10-25,Headphones,Electronics,Central,1,4114.0
2025-05-01,Backpack,Stationery,North,5,12515.0
2025-09-29,Running Shoes,Apparel,North,2,12112.0
2025-04-07,Jacket,Apparel,Central,6,48816.0
2025-02-27,Jacket,Apparel,North,1,9682.0
2025-09-17,Study Desk,Furniture,North,3,66435.0
2025-07-27,Jacket,Apparel,East,1,6764.0
2025-08-21,Backpack,Stationery,South,3,5007.0
2025-09-19,Bookshelf,Furniture,East,5,37880.0
2025-04-09,Smartphone,Electronics,North,2,116466.0
2025-11-17,Microwave,Appliances,East,9,129888.0
2025-12-21,Smartphone,Electronics,Central,4,208484.0
2025-11-19,Running Shoes,Apparel,North,4,32380.0
2025-08-19,Notebook Set,Stationery,South,1,509.0
2025-07-23,T-Shirt,Apparel,North,2,1852.0
2025-11-02,Air Fryer,Appliances,North,7,96348.0
2025-04-28,Office Chair,Furniture,North,6,61140.0
2025-08-11,T-Shirt,Apparel,North,2,1284.0
2025-01-15,Blender,Appliances,East,4,29712.0
2025-03-10,Laptop,Electronics,East,2,186394.0
2025-04-25,Blender,Appliances,South,6,21222.0
2025-05-14,Laptop,Electronics,North,2,148252.0
2025-10-25,Bookshelf,Furniture,Central,3,29079.0
2025-07-14,Microwave,Appliances,West,5,96435.0
2025-01-18,T-Shirt,Apparel,North,1,1271.0
2025-11-30,Headphones,Electronics,North,5,19535.0
2025-11-19,Backpack,Stationery,West,2,5278.0
2025-05-08,Running Shoes,Apparel,East,3,18261.0
2025-10-06,Smartphone,Electronics,East,7,299264.0
2025-07-06,Smartphone,Electronics,Central,2,108926.0
2025-02-11,Notebook Set,Stationery,South,1,502.0
2025-08-06,Notebook Set,Stationery,West,1,442.0
2025-06-07,Office Chair,Furniture,East,4,43600.0
2025-03-22,Running Shoes,Apparel,South,2,12626.0
2025-04-14,Air Fryer,Appliances,West,4,50360.0
2025-01-12,Air Fryer,Appliances,,2,30148.0
2025-07-19,Running Shoes,Apparel,North,2,10374.0
2025-11-13,Backpack,Stationery,Central,2,7430.0
2025-01-12,Laptop,Electronics,Central,3,228129.0
2025-09-23,Smartphone,Electronics,East,2,114146.0
2025-06-12,Headphones,Electronics,North,3,12660.0
2025-06-11,Notebook Set,Stationery,North,4,1272.0
2025-10-19,Laptop,Electronics,North,2,175942.0
2025-11-25,Smartphone,Electronics,North,1,57457.0
2025-09-13,Notebook Set,Stationery,West,2,688.0
2025-01-11,Jacket,Apparel,North,5,34245.0
2025-03-12,Air Fryer,Appliances,South,4,32040.0
2025-03-29,Smartphone,Electronics,South,2,84992.0
2025-03-11,Microwave,Appliances,North,6,117846.0
2025-10-05,Running Shoes,Apparel,West,2,9118.0
2025-11-23,Notebook Set,Stationery,Central,4,1828.0
2025-10-29,Office Chair,Furniture,South,8,92816.0
2025-01-22,Backpack,Stationery,East,3,12039.0
2025-06-22,Running Shoes,Apparel,South,6,33072.0
2025-12-07,Blender,Appliances,North,11,70455.0
2025-12-06,Notebook Set,Stationery,North,1,698.0
2025-05-16,Bookshelf,Furniture,West,1,13591.0
2025-04-15,Blender,Appliances,East,2,14394.0
2025-03-04,Jacket,Apparel,South,1,5657.0
2025-05-01,Headphones,Electronics,North,4,10688.0
2025-11-29,Study Desk,Furniture,North,5,112495.0
2025-06-10,Laptop,Electronics,South,5,384745.0
2025-10-31,Headphones,Electronics,Central,8,47432.0
2025-09-10,Running Shoes,Apparel,South,2,8888.0
2025-10-16,Laptop,Electronics,East,3,265770.0
2025-09-14,Study Desk,Furniture,East,1,23023.0
2025-09-20,Laptop,Electronics,North,2,181880.0
2025-09-23,Notebook Set,Stationery,North,1,590.0
2025-11-23,Smartphone,Electronics,West,2,106244.0
2025-09-28,Air Fryer,Appliances,West,1,11757.0
2025-05-23,Bookshelf,Furniture,West,2,13738.0
2025-10-11,T-Shirt,Apparel,South,8,18376.0
2025-12-12,Jacket,Apparel,Central,2,13196.0
2025-06-29,Smartphone,Electronics,East,2,107424.0
2025-03-18,Smartphone,Electronics,West,3,168924.0
2025-04-23,Study Desk,Furniture,South,3,60291.0
2025-07-20,Smartphone,Electronics,West,7,286993.0
2025-04-28,Blender,Appliances,West,2,13778.0
2025-09-03,Office Chair,Furniture,East,2,18924.0
2025-10-18,Air Fryer,Appliances,East,3,22635.0
2025-12-16,Backpack,Stationery,West,1,2569.0
2025-05-13,Laptop,Electronics,East,7,751723.0
2025-11-07,Running Shoes,Apparel,South,4,13360.0
2025-06-18,Microwave,Appliances,Central,1,11798.0
2025-04-21,Microwave,Appliances,Central,1,12033.0
2025-07-24,Laptop,Electronics,West,2,213308.0
2025-09-24,Laptop,Electronics,West,3,217437.0
2025-02-27,Bookshelf,Furniture,West,5,59555.0
2025-10-24,Laptop,Electronics,North,6,543930.0
2025-04-28,Smartphone,Electronics,East,4,167852.0
2025-06-21,Laptop,Electronics,Central,2,154462.0
2025-11-30,T-Shirt,Apparel,North,2,2462.0
2025-08-16,Running Shoes,Apparel,North,4,26932.0
2025-05-02,Office Chair,Furniture,South,2,20468.0
2025-06-14,Jacket,Apparel,South,2,15504.0
2025-04-05,Notebook Set,Stationery,East,5,2480.0
2025-09-06,Notebook Set,Stationery,North,5,2770.0
2025-12-22,Laptop,Electronics,North,5,426100.0
2025-04-22,Bookshelf,Furniture,South,3,12129.0
2025-04-01,Microwave,Appliances,West,4,48488.0
2025-10-21,Air Fryer,Appliances,South,2,26638.0
2025-06-25,T-Shirt,Apparel,West,3,3693.0
2025-05-07,Bookshelf,Furniture,North,2,16868.0
2025-11-24,Notebook Set,Stationery,East,2,780.0
2025-12-14,Bookshelf,Furniture,North,5,25660.0
2025-04-21,Jacket,Apparel,East,2,10696.0
2025-10-27,Laptop,Electronics,North,1,70059.0
2025-08-16,Laptop,Electronics,North,3,290700.0
2025-09-09,Microwave,Appliances,North,2,37054.0
2025-08-05,Notebook Set,Stationery,West,2,856.0
2025-02-20,Blender,Appliances,West,1,7156.0
2025-03-18,Office Chair,Furniture,,2,32362.0
2025-07-15,Backpack,Stationery,South,1,2105.0
2025-12-15,Headphones,Electronics,East,2,11216.0
2025-07-05,Laptop,Electronics,North,3,194001.0
2025-11-29,T-Shirt,Apparel,North,1,1536.0
2025-08-19,Bookshelf,Furniture,East,6,56058.0
2025-04-21,Air Fryer,Appliances,East,3,41628.0
2025-04-01,Headphones,Electronics,West,2,10042.0
2025-05-09,Bookshelf,Furniture,West,2,16112.0
2025-03-26,T-Shirt,Apparel,North,5,3775.0
2025-07-09,Jacket,Apparel,North,6,29892.0
2025-12-28,T-Shirt,Apparel,South,1,1114.0
2025-05-10,Air Fryer,Appliances,West,3,32406.0
2025-09-30,Bookshelf,Furniture,South,6,56352.0
2025-03-12,Office Chair,Furniture,South,1,15267.0
2025-12-01,Office Chair,Furniture,South,1,14689.0
2025-10-09,T-Shirt,Apparel,North,4,2012.0
2025-09-13,Microwave,Appliances,South,4,64500.0
2025-06-19,Laptop,Electronics,South,4,327796.0
2025-12-22,Running Shoes,Apparel,North,7,52052.0
2025-04-18,Laptop,Electronics,South,2,153994.0
2025-04-18,Air Fryer,Appliances,South,3,30630.0
2025-09-06,Jacket,Apparel,West,1,8386.0
2025-03-09,Microwave,Appliances,North,3,38484.0
2025-05-17,Notebook Set,Stationery,West,1,502.0
2025-11-05,Smartphone,Electronics,Central,4,164408.0
2025-10-03,Microwave,Appliances,North,1,9243.0
2025-04-10,Air Fryer,Appliances,North,2,28800.0
2025-07-26,Headphones,Electronics,East,2,10722.0
2025-05-31,Office Chair,Furniture,North,4,51648.0
2025-05-27,Microwave,Appliances,South,4,76240.0
2025-11-05,Microwave,Appliances,South,2,29952.0
2025-04-14,Notebook Set,Stationery,West,3,1698.0
2025-12-04,Blender,Appliances,North,1,9643.0
2025-05-08,Headphones,Electronics,South,2,9176.0
2025-09-18,Running Shoes,Apparel,West,4,23748.0
2025-09-25,Microwave,Appliances,North,2,35552.0
2025-11-27,T-Shirt,Apparel,West,1,1988.0
2025-05-17,Notebook Set,Stationery,South,4,2384.0
2025-09-29,Smartphone,Electronics,East,2,95600.0
2025-02-21,Headphones,Electronics,North,5,23580.0
2025-07-29,Notebook Set,Stationery,West,4,800.0
2025-12-25,Blender,Appliances,South,2,13140.0
2025-03-07,Backpack,Stationery,North,5,14715.0
2025-11-16,Notebook Set,Stationery,Central,5,3145.0
2025-04-10,Running Shoes,Apparel,,3,11757.0
2025-04-06,Microwave,Appliances,East,5,45095.0
2025-09-15,Jacket,Apparel,North,2,15762.0
2025-04-19,Running Shoes,Apparel,Central,2,14428.0
2025-05-23,Blender,Appliances,West,3,23202.0
2025-02-11,Study Desk,Furniture,South,1,11388.0
2025-11-26,Laptop,Electronics,Central,4,436980.0
2025-04-23,Bookshelf,Furniture,South,3,24003.0
2025-05-05,Backpack,Stationery,North,5,15365.0
2025-07-19,Study Desk,Furniture,South,2,33524.0
2025-10-02,T-Shirt,Apparel,East,4,5152.0
2025-10-16,Bookshelf,Furniture,South,4,35084.0
2025-05-06,Study Desk,Furniture,West,3,55722.0
2025-08-17,Blender,Appliances,Central,4,24008.0
2025-05-05,Blender,Appliances,South,4,34592.0
2025-01-21,Blender,Appliances,East,1,7701.0
2025-01-03,Laptop,Electronics,Central,3,352188.0
2025-12-30,Smartphone,Electronics,North,5,287775.0
2025-11-12,Blender,Appliances,East,2,16796.0
2025-11-05,Running Shoes,Apparel,North,1,5194.0
2025-11-13,Jacket,Apparel,North,5,48400.0
2025-02-07,Air Fryer,Appliances,Central,4,45860.0
2025-05-10,Microwave,Appliances,North,3,36255.0
2025-05-04,Study Desk,Furniture,Central,3,52860.0
2025-03-08,Headphones,Electronics,North,4,20144.0
2025-05-08,Microwave,Appliances,North,4,56004.0
2025-07-03,Headphones,Electronics,North,5,21670.0
2025-05-07,Study Desk,Furniture,West,2,20116.0
2025-02-21,Study Desk,Furniture,South,1,22956.0
2025-08-17,Notebook Set,Stationery,Central,1,640.0
2025-08-26,Study Desk,Furniture,Central,7,132314.0
2025-03-17,Microwave,Appliances,East,5,74615.0
2025-09-14,Backpack,Stationery,Central,4,15144.0
2025-11-10,Running Shoes,Apparel,North,1,4879.0
2025-03-24,Microwave,Appliances,West,1,15235.0
2025-07-04,Laptop,Electronics,South,6,498378.0
2025-11-20,Backpack,Stationery,North,2,5906.0
2025-10-04,Blender,Appliances,West,4,25036.0
2025-12-11,Backpack,Stationery,North,9,22473.0
2025-05-10,Smartphone,Electronics,West,3,170556.0
2025-03-24,Air Fryer,Appliances,South,1,12933.0
2025-03-31,Blender,Appliances,West,1,10119.0
2025-04-30,Backpack,Stationery,West,7,25151.0
2025-08-07,Laptop,Electronics,Central,4,347480.0
2025-04-23,Laptop,Electronics,South,1,82447.0
2025-09-01,Microwave,Appliances,South,4,48516.0
2025-07-14,Office Chair,Furniture,North,4,52540.0
2025-05-19,Smartphone,Electronics,South,4,238616.0
2025-07-09,Office Chair,Furniture,East,5,72165.0
2025-02-26,Blender,Appliances,West,1,7584.0
2025-11-08,Study Desk,Furniture,West,7,129535.0
2025-06-01,Notebook Set,Stationery,,3,1161.0
2025-03-04,Microwave,Appliances,North,1,17096.0
2025-11-06,T-Shirt,Apparel,West,1,1385.0
2025-12-01,Headphones,Electronics,Central,8,33048.0
2025-02-21,Laptop,Electronics,East,2,170692.0
2025-02-03,T-Shirt,Apparel,North,2,3662.0
2025-09-24,Microwave,Appliances,Central,5,94100.0
2025-11-12,Laptop,Electronics,North,2,159724.0
2025-02-01,Bookshelf,Furniture,South,2,25214.0
2025-09-16,Jacket,Apparel,North,2,8862.0
2025-05-24,Office Chair,Furniture,East,4,54936.0
2025-05-30,Microwave,Appliances,East,3,53238.0
2025-08-11,Office Chair,Furniture,North,2,20126.0
2025-12-26,Bookshelf,Furniture,North,5,35395.0
2025-11-24,Office Chair,Furniture,East,4,45992.0
2025-04-23,Study Desk,Furniture,Central,2,44706.0
2025-03-04,Office Chair,Furniture,South,7,104545.0
2025-09-30,Blender,Appliances,North,4,29064.0
2025-10-09,Backpack,Stationery,West,3,9807.0
2025-06-04,Jacket,Apparel,West,1,8385.0
2025-01-17,Headphones,Electronics,North,4,16948.0
2025-04-21,Laptop,Electronics,East,3,269574.0
2025-09-26,Backpack,Stationery,West,1,2194.0
2025-07-18,Jacket,Apparel,West,4,20764.0
2025-12-22,Bookshelf,Furniture,North,4,41868.0
2025-11-26,Jacket,Apparel,East,2,12290.0
2025-03-07,Air Fryer,Appliances,East,3,33090.0
2025-12-15,Air Fryer,Appliances,South,5,61285.0
2025-10-18,Jacket,Apparel,South,2,11766.0
2025-04-02,Smartphone,Electronics,North,2,124768.0
2025-09-11,Backpack,Stationery,North,2,7214.0
2025-03-01,Backpack,Stationery,North,3,7875.0
2025-07-15,Headphones,Electronics,West,6,15318.0
2025-02-28,Notebook Set,Stationery,East,4,1444.0
2025-12-08,Jacket,Apparel,North,5,20455.0
2025-11-11,Air Fryer,Appliances,East,1,13107.0
2025-09-26,Notebook Set,Stationery,North,2,994.0
2025-05-30,Office Chair,Furniture,South,3,32487.0
2025-03-26,Jacket,Apparel,South,4,33076.0
2025-11-06,Jacket,Apparel,South,1,5791.0
2025-03-24,Blender,Appliances,North,6,40362.0
2025-11-07,Blender,Appliances,East,1,8689.0
2025-05-06,Microwave,Appliances,East,3,40821.0
2025-11-21,Blender,Appliances,East,1,6073.0
2025-03-13,Office Chair,Furniture,South,4,58884.0
2025-05-25,Blender,Appliances,East,3,19614.0
2025-04-20,Backpack,Stationery,South,1,2061.0
2025-06-25,Study Desk,Furniture,North,2,29228.0
2025-05-24,Blender,Appliances,East,3,38586.0
2025-11-27,Smartphone,Electronics,East,5,175125.0
2025-04-09,Air Fryer,Appliances,South,5,68315.0
2025-08-03,Jacket,Apparel,Central,2,19278.0
2025-04-19,Headphones,Electronics,North,1,6181.0
2025-02-16,Microwave,Appliances,North,3,43719.0
2025-02-06,Headphones,Electronics,South,4,18500.0
2025-01-13,Headphones,Electronics,Central,1,5824.0
2025-12-15,Air Fryer,Appliances,West,1,11491.0
2025-08-15,Laptop,Electronics,North,5,438940.0
2025-04-02,Backpack,Stationery,North,1,3310.0
2025-11-08,Backpack,Stationery,West,2,6164.0
2025-02-26,Smartphone,Electronics,South,1,45514.0
2025-01-02,Jacket,Apparel,East,1,6723.0
2025-06-27,Bookshelf,Furniture,North,1,10885.0
2025-05-21,Office Chair,Furniture,Central,2,26580.0
2025-02-18,Running Shoes,Apparel,East,3,21576.0
2025-09-10,Blender,Appliances,Central,3,23163.0
2025-12-01,Air Fryer,Appliances,West,1,11443.0
2025-03-05,Backpack,Stationery,East,5,20250.0
2025-12-15,Office Chair,Furniture,East,1,8567.0
2025-11-03,Jacket,Apparel,East,5,36605.0
2025-06-24,Laptop,Electronics,North,3,285279.0
2025-08-04,Microwave,Appliances,North,3,36159.0
2025-12-13,Jacket,Apparel,North,5,30520.0
2025-06-29,Smartphone,Electronics,South,1,61159.0
2025-02-23,Study Desk,Furniture,North,3,57834.0
2025-07-05,Backpack,Stationery,East,1,2315.0
2025-10-18,Air Fryer,Appliances,Central,3,35172.0
2025-06-23,Jacket,Apparel,North,2,16178.0
2025-02-12,Running Shoes,Apparel,East,3,16023.0
2025-12-09,Office Chair,Furniture,West,4,25920.0
2025-02-09,Smartphone,Electronics,West,1,54431.0
2025-08-03,Smartphone,Electronics,North,3,144273.0
2025-02-15,Blender,Appliances,South,3,23877.0
2025-03-11,Bookshelf,Furniture,North,3,20655.0
2025-02-07,Office Chair,Furniture,Central,2,28364.0
2025-04-03,Study Desk,Furniture,North,1,17613.0
2025-08-15,Study Desk,Furniture,South,4,92632.0
2025-02-27,Air Fryer,Appliances,North,1,13059.0
2025-06-28,Jacket,Apparel,North,2,13310.0
2025-08-03,Jacket,Apparel,East,2,7804.0
2025-06-18,Notebook Set,Stationery,South,3,900.0
2025-08-23,Office Chair,Furniture,West,4,56396.0
2025-06-22,Running Shoes,Apparel,North,5,29875.0
2025-02-22,Microwave,Appliances,South,1,15281.0
2025-10-07,Bookshelf,Furniture,West,1,5157.0
2025-08-06,Running Shoes,Apparel,South,2,11374.0
2025-06-21,Bookshelf,Furniture,East,3,22650.0
2025-03-17,Backpack,Stationery,South,7,27972.0
2025-05-05,Laptop,Electronics,North,3,265629.0
2025-08-08,Jacket,Apparel,East,5,33865.0
2025-01-21,Office Chair,Furniture,North,1,9318.0
2025-06-28,Notebook Set,Stationery,Central,2,1592.0
2025-12-15,Office Chair,Furniture,North,5,45915.0
2025-05-26,Microwave,Appliances,North,1,11574.0
2025-09-05,Laptop,Electronics,East,3,203613.0
2025-04-20,Air Fryer,Appliances,West,6,74988.0
2025-12-31,Running Shoes,Apparel,North,2,16860.0
2025-03-25,Jacket,Apparel,North,3,17232.0
2025-02-05,Smartphone,Electronics,West,2,94066.0
2025-10-22,Microwave,Appliances,North,2,28416.0
2025-08-22,Blender,Appliances,West,4,26144.0
2025-06-22,Running Shoes,Apparel,North,5,29875.0
2025-12-06,Air Fryer,Appliances,South,1,11637.0
2025-09-12,Bookshelf,Furniture,North,4,32052.0
2025-11-20,T-Shirt,Apparel,West,2,4108.0
2025-09-02,Smartphone,Electronics,North,1,59595.0
2025-09-06,Notebook Set,Stationery,South,4,1644.0
2025-03-20,T-Shirt,Apparel,South,1,1969.0
2025-12-10,Office Chair,Furniture,Central,1,8685.0
2025-08-28,Smartphone,Electronics,North,4,151036.0
2025-04-14,Notebook Set,Stationery,South,5,3335.0
2025-09-10,Backpack,Stationery,Central,4,14424.0
2025-05-17,Air Fryer,Appliances,East,3,35676.0
2025-01-20,T-Shirt,Apparel,North,2,2758.0
2025-09-19,Running Shoes,Apparel,East,3,9555.0
2025-11-20,T-Shirt,Apparel,South,4,4564.0
2025-12-30,Bookshelf,Furniture,West,2,16282.0
2025-10-30,Bookshelf,Furniture,West,1,7812.0
2025-01-21,Running Shoes,Apparel,Central,1,5988.0
2025-10-12,Study Desk,Furniture,East,1,22693.0
2025-11-09,Bookshelf,Furniture,West,5,41765.0
2025-10-12,Headphones,Electronics,North,3,14832.0
2025-01-09,Microwave,Appliances,Central,2,27610.0
2025-09-22,Headphones,Electronics,North,5,24370.0
2025-04-24,Headphones,Electronics,East,4,14324.0
2025-10-11,Office Chair,Furniture,West,4,53096.0
2025-04-24,T-Shirt,Apparel,North,8,8472.0
2025-08-03,Air Fryer,Appliances,East,5,38925.0
2025-01-20,Laptop,Electronics,Central,4,326372.0
2025-08-25,Notebook Set,Stationery,North,4,1648.0
2025-04-24,Microwave,Appliances,North,1,9653.0
2025-06-21,Smartphone,Electronics,North,4,272448.0
2025-10-27,Microwave,Appliances,North,3,38187.0
2025-05-29,Backpack,Stationery,Central,1,2682.0
2025-11-19,Jacket,Apparel,South,8,48168.0
2025-04-26,Microwave,Appliances,North,1,14202.0
2025-01-03,Air Fryer,Appliances,West,2,19966.0
2025-05-30,Backpack,Stationery,South,3,10161.0
2025-12-22,Microwave,Appliances,South,8,70088.0
2025-04-06,Notebook Set,Stationery,East,4,2744.0
2025-07-24,Blender,Appliances,South,1,7924.0
2025-04-27,Blender,Appliances,South,4,34480.0
2025-12-25,Microwave,Appliances,West,2,29216.0
2025-10-15,Bookshelf,Furniture,East,1,12226.0
2025-03-09,Notebook Set,Stationery,West,1,450.0
2025-04-08,Jacket,Apparel,North,1,4861.0
2025-04-13,Laptop,Electronics,North,7,565572.0
2025-10-29,Notebook Set,Stationery,Central,5,2785.0
2025-07-23,Blender,Appliances,East,2,16784.0
2025-01-22,Air Fryer,Appliances,West,1,10764.0
2025-04-25,T-Shirt,Apparel,South,1,1100.0
2025-07-15,Running Shoes,Apparel,,6,37698.0
2025-10-22,Bookshelf,Furniture,South,3,25890.0
2025-01-04,Bookshelf,Furniture,South,1,6106.0
2025-05-02,Notebook Set,Stationery,Central,3,2220.0
2025-11-25,Microwave,Appliances,West,7,93443.0
2025-11-15,Study Desk,Furniture,North,1,19531.0
2025-02-08,Blender,Appliances,West,3,23517.0
2025-12-03,Backpack,Stationery,West,5,21215.0
2025-01-19,Backpack,Stationery,West,1,3148.0
2025-11-01,Laptop,Electronics,Central,7,721595.0
2025-08-14,Microwave,Appliances,North,1,14690.0
2025-02-27,Bookshelf,Furniture,South,2,18048.0
2025-06-23,Notebook Set,Stationery,West,2,814.0
2025-07-07,Study Desk,Furniture,East,3,55041.0
2025-02-23,Backpack,Stationery,Central,5,18960.0
2025-04-30,Smartphone,Electronics,West,2,113122.0
2025-01-15,Running Shoes,Apparel,East,3,12285.0
2025-12-31,Headphones,Electronics,North,4,21152.0
2025-02-19,Air Fryer,Appliances,East,3,39906.0
2025-08-21,Smartphone,Electronics,Central,3,144888.0
2025-02-12,Smartphone,Electronics,East,1,44450.0
2025-09-23,Jacket,Apparel,South,4,24172.0
2025-03-03,Notebook Set,Stationery,South,3,1569.0
2025-07-03,T-Shirt,Apparel,East,2,3960.0
2025-03-16,T-Shirt,Apparel,North,2,1828.0
2025-01-16,Headphones,Electronics,East,1,6561.0
2025-03-02,Laptop,Electronics,North,1,90088.0
2025-10-06,Backpack,Stationery,East,2,4644.0
2025-10-17,Notebook Set,Stationery,North,4,2192.0
2025-08-10,Blender,Appliances,West,5,30945.0
2025-09-15,Jacket,Apparel,North,3,22509.0
2025-12-08,Air Fryer,Appliances,North,5,50455.0
2025-02-26,Air Fryer,Appliances,West,2,15096.0
2025-09-28,Study Desk,Furniture,South,4,73580.0
2025-08-05,Office Chair,Furniture,North,2,22628.0
2025-11-09,Study Desk,Furniture,West,7,134421.0
2025-12-02,Laptop,Electronics,North,7,716457.0
2025-02-16,Laptop,Electronics,North,1,81484.0
2025-01-02,Air Fryer,Appliances,Central,4,48460.0
2025-03-18,Study Desk,Furniture,West,1,15509.0
2025-06-20,Office Chair,Furniture,North,2,29018.0
2025-03-11,Blender,Appliances,North,2,10630.0
2025-12-08,Laptop,Electronics,Central,1,88164.0
2025-07-05,Blender,Appliances,West,6,48114.0
2025-09-16,Backpack,Stationery,Central,3,8781.0
2025-05-09,Notebook Set,Stationery,West,4,3512.0
2025-10-21,Air Fryer,Appliances,South,5,48865.0
2025-11-02,Air Fryer,Appliances,South,5,40985.0
2025-05-02,Air Fryer,Appliances,South,5,42750.0
2025-08-30,Microwave,Appliances,North,1,19494.0
2025-09-16,Running Shoes,Apparel,North,2,6310.0
2025-01-08,Air Fryer,Appliances,South,3,20337.0
2025-08-27,Blender,Appliances,West,7,44240.0
2025-08-30,Laptop,Electronics,Central,7,717409.0
2025-07-23,Laptop,Electronics,Central,2,195268.0
2025-06-10,Laptop,Electronics,North,5,419165.0
2025-10-19,Microwave,Appliances,East,4,59272.0
2025-05-05,Running Shoes,Apparel,East,1,3589.0
2025-12-21,Air Fryer,Appliances,West,2,12572.0
2025-08-24,T-Shirt,Apparel,Central,1,1416.0
2025-07-12,Notebook Set,Stationery,Central,4,2640.0
2025-02-18,Office Chair,Furniture,East,2,21842.0
2025-06-05,Blender,Appliances,North,5,43040.0
2025-02-08,Running Shoes,Apparel,South,1,8819.0
2025-04-30,Air Fryer,Appliances,Central,3,40215.0
2025-07-02,Office Chair,Furniture,Central,4,54900.0
2025-06-08,Office Chair,Furniture,North,2,28950.0
2025-07-29,Office Chair,Furniture,East,3,16893.0
2025-08-11,Bookshelf,Furniture,East,3,32658.0
2025-08-22,Running Shoes,Apparel,North,5,4350.0
2025-10-03,Headphones,Electronics,Central,2,8548.0
2025-03-24,Running Shoes,Apparel,North,4,37164.0
2025-08-17,Air Fryer,Appliances,East,3,23106.0
2025-01-10,Backpack,Stationery,Central,1,4232.0
2025-04-13,Air Fryer,Appliances,North,3,36594.0
2025-01-17,Notebook Set,Stationery,East,1,505.0
2025-12-02,Notebook Set,Stationery,West,11,6930.0
2025-04-01,Headphones,Electronics,East,1,3800.0
2025-04-03,Air Fryer,Appliances,East,1,12479.0
2025-12-31,Microwave,Appliances,South,1,13936.0
2025-03-31,Microwave,Appliances,East,1,8218.0
2025-10-12,Backpack,Stationery,South,4,17888.0
2025-07-14,Headphones,Electronics,North,5,18315.0
2025-12-02,Laptop,Electronics,North,8,624000.0
2025-05-14,Smartphone,Electronics,East,4,224504.0
2025-08-09,Microwave,Appliances,North,2,37766.0
2025-01-14,T-Shirt,Apparel,Central,2,2978.0
2025-05-29,Jacket,Apparel,West,2,15276.0
2025-04-23,Notebook Set,Stationery,West,1,378.0
2025-06-10,Smartphone,Electronics,Central,4,228932.0
2025-10-04,Air Fryer,Appliances,North,2,22564.0
2025-06-27,Air Fryer,Appliances,North,3,33600.0
2025-09-12,Notebook Set,Stationery,Central,2,1258.0
2025-02-26,Bookshelf,Furniture,East,1,10585.0
2025-08-05,Bookshelf,Furniture,North,1,4492.0
2025-01-10,Headphones,Electronics,Central,1,6426.0
2025-06-28,Backpack,Stationery,South,4,8928.0
2025-08-31,Bookshelf,Furniture,West,3,29826.0
2025-03-13,Blender,Appliances,Central,2,17646.0
2025-03-26,Bookshelf,Furniture,West,6,47724.0
2025-09-28,Bookshelf,Furniture,West,3,26715.0
2025-06-08,Headphones,Electronics,South,3,17148.0
2025-07-29,Laptop,Electronics,West,3,262635.0
2025-04-27,Office Chair,Furniture,South,2,21280.0
2025-10-24,Office Chair,Furniture,West,7,64239.0
2025-04-05,Smartphone,Electronics,North,5,305870.0
2025-04-29,Study Desk,Furniture,East,3,24519.0
2025-11-05,Jacket,Apparel,West,1,6290.0
2025-01-06,Blender,Appliances,West,3,17679.0
2025-07-16,Office Chair,Furniture,South,1,14422.0
2025-06-22,Notebook Set,Stationery,East,1,733.0
2025-04-24,Jacket,Apparel,West,3,17250.0
2025-03-26,Headphones,Electronics,North,4,19632.0
2025-07-14,Laptop,Electronics,South,4,358952.0
2025-08-29,Backpack,Stationery,Central,3,10422.0
2025-05-24,Notebook Set,Stationery,South,6,3576.0
2025-03-15,Running Shoes,Apparel,East,3,12081.0
2025-12-06,Bookshelf,Furniture,North,1,6160.0
2025-05-01,Notebook Set,Stationery,East,4,2416.0
2025-06-29,Jacket,Apparel,North,3,14088.0
2025-12-24,Laptop,Electronics,East,4,427852.0
2025-10-19,Backpack,Stationery,North,2,6926.0
2025-02-18,T-Shirt,Apparel,West,1,1267.0
2025-09-28,Jacket,Apparel,Central,1,8977.0
2025-03-12,Jacket,Apparel,North,3,18576.0
2025-07-02,Laptop,Electronics,East,5,444120.0
2025-02-22,Jacket,Apparel,North,3,16791.0
2025-09-12,Running Shoes,Apparel,North,3,12648.0
2025-04-11,Air Fryer,Appliances,North,4,46808.0
2025-12-11,Smartphone,Electronics,North,2,119150.0
2025-02-10,T-Shirt,Apparel,South,1,1320.0
2025-09-24,Bookshelf,Furniture,West,2,12536.0
2025-12-16,Blender,Appliances,East,5,43430.0
2025-02-14,T-Shirt,Apparel,Central,2,2186.0
2025-08-08,Microwave,Appliances,West,6,71676.0
2025-01-13,Bookshelf,Furniture,,1,8237.0
2025-02-28,Running Shoes,Apparel,South,3,19428.0
2025-02-21,Air Fryer,Appliances,West,2,15320.0
2025-08-14,Blender,Appliances,South,3,22431.0
2025-01-16,Jacket,Apparel,East,2,11060.0
2025-12-20,Microwave,Appliances,East,5,53475.0
2025-12-29,Running Shoes,Apparel,East,4,15980.0
2025-08-13,Microwave,Appliances,South,6,59190.0
2025-07-01,Jacket,Apparel,North,3,19938.0
2025-02-26,Study Desk,Furniture,East,1,13745.0
2025-10-06,Running Shoes,Apparel,South,4,28344.0
2025-06-23,Running Shoes,Apparel,North,4,21208.0
2025-10-12,Blender,Appliances,North,1,7806.0
2025-10-25,Bookshelf,Furniture,North,3,28185.0
2025-09-15,Microwave,Appliances,Central,3,31431.0
2025-01-25,Notebook Set,Stationery,North,1,455.0
2025-09-08,Blender,Appliances,West,5,58810.0
2025-01-06,Microwave,Appliances,West,4,60516.0
2025-08-16,Smartphone,Electronics,South,3,133689.0
2025-10-27,Microwave,Appliances,North,3,47943.0
2025-04-16,Air Fryer,Appliances,South,3,43830.0
2025-09-12,Running Shoes,Apparel,East,2,7998.0
2025-01-28,Headphones,Electronics,South,1,4379.0
2025-05-14,T-Shirt,Apparel,East,4,3920.0
2025-11-20,Microwave,Appliances,West,4,70916.0
2025-07-22,Office Chair,Furniture,East,2,20798.0
2025-06-08,Running Shoes,Apparel,Central,2,8094.0
2025-07-27,Office Chair,Furniture,North,2,17600.0
2025-01-12,Laptop,Electronics,South,1,96485.0
2025-07-05,Jacket,Apparel,East,1,8701.0
2025-02-12,Smartphone,Electronics,West,3,126666.0
2025-12-15,T-Shirt,Apparel,South,1,1550.0
2025-12-11,Backpack,Stationery,East,4,14972.0
2025-04-09,Smartphone,Electronics,East,2,126594.0
2025-02-10,Bookshelf,Furniture,West,4,53952.0
2025-03-19,Laptop,Electronics,West,2,211404.0
2025-01-08,Blender,Appliances,West,5,50710.0
2025-07-09,Laptop,Electronics,North,2,129518.0
2025-06-28,T-Shirt,Apparel,North,2,1252.0
2025-12-11,Air Fryer,Appliances,West,2,28884.0
2025-04-05,Jacket,Apparel,East,1,5753.0
2025-10-25,Headphones,Electronics,Central,5,29660.0
2025-06-29,Smartphone,Electronics,West,2,103362.0
2025-06-01,T-Shirt,Apparel,South,5,5415.0
2025-08-08,Running Shoes,Apparel,South,2,11584.0
2025-12-05,Bookshelf,Furniture,East,2,16572.0
2025-03-16,Bookshelf,Furniture,West,1,7336.0
2025-02-27,Laptop,Electronics,South,3,308448.0
2025-05-21,Running Shoes,Apparel,North,4,27692.0
2025-07-17,Headphones,Electronics,North,1,5578.0
2025-12-06,Microwave,Appliances,South,7,113036.0
2025-10-20,Study Desk,Furniture,South,4,86004.0
2025-07-30,Running Shoes,Apparel,Central,4,31196.0
2025-01-18,Notebook Set,Stationery,South,2,564.0
2025-04-12,Jacket,Apparel,East,4,25104.0
2025-10-26,Blender,Appliances,Central,2,14016.0
2025-03-03,Smartphone,Electronics,West,4,288636.0
2025-07-22,Blender,Appliances,North,2,15774.0
2025-05-25,Notebook Set,Stationery,West,4,996.0
2025-06-16,T-Shirt,Apparel,South,1,556.0
2025-11-18,Running Shoes,Apparel,North,2,12814.0
2025-09-28,Jacket,Apparel,North,2,16768.0
2025-02-15,Bookshelf,Furniture,South,2,17810.0
2025-12-14,Running Shoes,Apparel,North,4,19544.0
2025-05-01,Notebook Set,Stationery,East,1,362.0
2025-06-14,Notebook Set,Stationery,South,6,3258.0
2025-12-01,Smartphone,Electronics,South,4,184288.0
2025-08-16,T-Shirt,Apparel,West,2,1126.0
2025-02-03,Running Shoes,Apparel,West,4,27812.0
2025-11-02,Smartphone,Electronics,North,7,365365.0
2025-02-10,Office Chair,Furniture,East,1,17069.0
2025-05-22,T-Shirt,Apparel,Central,4,2768.0
2025-06-09,Laptop,Electronics,West,6,336618.0
2025-06-21,Air Fryer,Appliances,Central,2,18064.0
2025-06-12,Air Fryer,Appliances,North,1,14750.0
2025-01-02,Jacket,Apparel,South,1,8151.0
2025-04-13,T-Shirt,Apparel,North,4,4792.0
2025-08-19,Microwave,Appliances,East,6,94068.0
2025-01-16,Air Fryer,Appliances,South,3,37428.0
2025-06-15,Backpack,Stationery,South,1,3013.0
2025-05-22,Air Fryer,Appliances,East,1,7099.0
2025-03-02,Air Fryer,Appliances,South,4,66964.0
2025-07-25,Laptop,Electronics,Central,3,195231.0
2025-06-10,Microwave,Appliances,East,2,36832.0
2025-04-14,Laptop,Electronics,West,3,246024.0
2025-11-25,Running Shoes,Apparel,North,5,20345.0
2025-01-08,Running Shoes,Apparel,North,1,1752.0
2025-02-04,T-Shirt,Apparel,North,1,1293.0
2025-08-11,T-Shirt,Apparel,East,1,1507.0
2025-03-13,Bookshelf,Furniture,North,5,55430.0
2025-10-16,Laptop,Electronics,East,2,139718.0
2025-10-24,T-Shirt,Apparel,South,4,3264.0
2025-04-28,T-Shirt,Apparel,North,3,2229.0
2025-05-14,Smartphone,Electronics,East,5,312345.0
2025-06-09,Jacket,Apparel,West,3,20100.0
2025-04-20,Backpack,Stationery,Central,4,15620.0
2025-01-31,Headphones,Electronics,South,1,3184.0
2025-02-16,Microwave,Appliances,South,4,75728.0
2025-08-27,Office Chair,Furniture,North,3,16920.0
2025-06-28,Laptop,Electronics,South,1,60789.0
2025-04-13,Running Shoes,Apparel,South,2,9390.0
2025-02-12,Smartphone,Electronics,East,1,64456.0
2025-08-19,Running Shoes,Apparel,East,3,16857.0
2025-07-03,Jacket,Apparel,North,4,28152.0
2025-12-13,Microwave,Appliances,East,2,21046.0
2025-08-06,Office Chair,Furniture,East,5,47755.0
2025-01-01,Bookshelf,Furniture,North,1,8708.0
2025-04-08,Office Chair,Furniture,South,1,14258.0
2025-02-27,Office Chair,Furniture,East,1,11986.0
2025-08-30,Running Shoes,Apparel,West,1,5804.0
2025-09-05,Air Fryer,Appliances,North,2,22152.0
2025-12-12,Office Chair,Furniture,West,4,71752.0
2025-03-21,Running Shoes,Apparel,South,3,18732.0
2025-05-15,Smartphone,Electronics,Central,1,44029.0
2025-08-27,Air Fryer,Appliances,North,4,54800.0
2025-11-09,Study Desk,Furniture,West,2,34932.0
2025-02-11,Headphones,Electronics,North,2,9556.0
2025-02-20,Blender,Appliances,South,1,6592.0
2025-07-11,Headphones,Electronics,North,3,15042.0
2025-09-06,Backpack,Stationery,East,2,8856.0
2025-08-10,Microwave,Appliances,West,2,21546.0
2025-07-14,Running Shoes,Apparel,East,1,5854.0
2025-01-15,Study Desk,Furniture,South,3,60864.0
2025-04-03,Backpack,Stationery,East,3,6537.0
2025-10-14,Headphones,Electronics,West,1,3850.0
2025-03-24,Air Fryer,Appliances,North,3,24099.0
2025-12-07,Headphones,Electronics,West,1,4593.0
2025-02-07,Headphones,Electronics,Central,5,27830.0
2025-10-25,Air Fryer,Appliances,West,3,29676.0
2025-06-27,Backpack,Stationery,West,2,8642.0
2025-02-10,Jacket,Apparel,East,5,29505.0
2025-08-08,Laptop,Electronics,Central,1,106753.0
2025-04-03,Jacket,Apparel,Central,2,15458.0
2025-03-19,Headphones,Electronics,West,4,23692.0
2025-11-16,Smartphone,Electronics,South,2,97658.0
2025-05-06,Laptop,Electronics,East,2,180686.0
2025-04-24,Air Fryer,Appliances,North,2,21312.0
2025-10-12,Smartphone,Electronics,East,3,168972.0
2025-09-16,Air Fryer,Appliances,South,1,12528.0
2025-06-02,Notebook Set,Stationery,Central,2,924.0
2025-06-19,Notebook Set,Stationery,East,2,1696.0
2025-07-25,Laptop,Electronics,South,1,66097.0
2025-07-05,Running Shoes,Apparel,South,7,31577.0
2025-05-11,Smartphone,Electronics,North,3,198771.0
2025-03-02,Smartphone,Electronics,Central,3,179991.0
2025-06-02,Microwave,Appliances,Central,6,89892.0
2025-07-20,Blender,Appliances,North,2,11610.0
2025-02-18,Microwave,Appliances,East,2,34642.0
2025-07-17,Office Chair,Furniture,Central,2,24106.0
2025-03-08,Backpack,Stationery,South,3,5727.0
2025-04-16,Headphones,Electronics,North,7,40782.0
2025-06-10,T-Shirt,Apparel,West,2,2738.0
2025-09-23,Air Fryer,Appliances,Central,4,52872.0
2025-05-07,Backpack,Stationery,West,3,10737.0
2025-05-24,T-Shirt,Apparel,East,5,5225.0
2025-03-18,Notebook Set,Stationery,East,1,348.0
2025-12-11,Notebook Set,Stationery,East,1,421.0
2025-07-26,Study Desk,Furniture,West,4,87000.0
2025-04-07,Laptop,Electronics,East,5,301140.0
2025-08-06,Running Shoes,Apparel,West,5,15930.0
2025-07-15,Running Shoes,Apparel,West,3,13722.0
2025-06-07,Notebook Set,Stationery,North,2,1400.0
2025-06-11,Air Fryer,Appliances,North,5,44870.0
2025-02-11,Notebook Set,Stationery,South,1,388.0
2025-09-25,Backpack,Stationery,Central,3,5385.0
2025-12-06,Running Shoes,Apparel,West,5,23205.0
2025-08-07,Laptop,Electronics,South,3,263907.0
2025-04-12,Microwave,Appliances,South,3,51414.0
2025-08-31,Jacket,Apparel,West,5,32420.0
2025-07-25,Microwave,Appliances,East,1,15886.0
2025-09-18,T-Shirt,Apparel,East,2,1482.0
2025-12-27,Bookshelf,Furniture,North,1,8889.0
2025-08-06,Jacket,Apparel,West,2,16244.0
2025-07-28,Bookshelf,Furniture,West,4,32776.0
2025-08-29,T-Shirt,Apparel,North,3,4506.0
2025-11-12,Backpack,Stationery,North,4,10892.0
2025-03-14,Study Desk,Furniture,South,3,49974.0
2025-08-02,Jacket,Apparel,East,6,31524.0
2025-08-04,Jacket,Apparel,South,2,7820.0
2025-02-15,Laptop,Electronics,South,1,93340.0
2025-09-19,Microwave,Appliances,West,4,63368.0
2025-08-23,Laptop,Electronics,East,5,271190.0
2025-09-08,T-Shirt,Apparel,Central,3,3591.0
2025-11-02,Air Fryer,Appliances,North,2,31466.0
2025-01-04,Notebook Set,Stationery,North,4,2152.0
2025-03-25,Bookshelf,Furniture,West,3,28461.0
2025-06-26,Bookshelf,Furniture,South,4,44124.0
2025-06-14,Backpack,Stationery,North,5,13425.0
2025-08-26,Jacket,Apparel,Central,1,8324.0
2025-03-27,Backpack,Stationery,West,3,10470.0
2025-06-05,Backpack,Stationery,West,3,12924.0
2025-12-31,Blender,Appliances,West,2,21944.0
2025-09-01,Headphones,Electronics,North,1,4695.0
2025-01-12,T-Shirt,Apparel,East,2,2936.0
2025-11-13,Laptop,Electronics,South,2,178502.0
2025-11-24,Laptop,Electronics,West,2,158272.0
2025-07-27,Laptop,Electronics,East,3,337008.0
2025-08-24,Notebook Set,Stationery,East,5,2050.0
2025-07-19,Study Desk,Furniture,North,2,25266.0
2025-01-19,Blender,Appliances,South,4,17976.0
2025-10-19,Study Desk,Furniture,East,4,85056.0
2025-08-09,T-Shirt,Apparel,South,3,5403.0
2025-04-08,Headphones,Electronics,South,3,15303.0
2025-09-08,Smartphone,Electronics,East,2,102482.0
2025-10-23,Headphones,Electronics,South,2,10522.0
2025-09-26,Backpack,Stationery,North,6,21990.0
2025-06-17,Headphones,Electronics,West,4,24104.0
2025-12-18,Study Desk,Furniture,East,5,96125.0
2025-04-04,Office Chair,Furniture,West,5,53920.0
2025-04-09,Jacket,Apparel,North,1,9376.0
2025-07-31,Study Desk,Furniture,North,4,93096.0
2025-12-25,Headphones,Electronics,West,2,9300.0
2025-03-18,Smartphone,Electronics,South,3,172155.0
2025-03-27,Blender,Appliances,West,1,7874.0
2025-08-10,Office Chair,Furniture,South,2,19478.0
2025-12-29,Study Desk,Furniture,North,1,9899.0
2025-01-17,Backpack,Stationery,West,1,4323.0
2025-11-23,Laptop,Electronics,East,7,712789.0
2025-01-27,Notebook Set,Stationery,South,5,3315.0
2025-03-30,T-Shirt,Apparel,West,4,3832.0
2025-06-23,T-Shirt,Apparel,Central,2,2592.0
2025-07-29,Smartphone,Electronics,East,2,135696.0
2025-11-24,Smartphone,Electronics,Central,4,234544.0
2025-08-29,T-Shirt,Apparel,Central,1,1139.0
2025-05-27,Air Fryer,Appliances,South,3,28485.0
2025-08-24,Air Fryer,Appliances,South,3,40152.0
2025-09-26,Notebook Set,Stationery,North,8,4192.0
2025-10-28,Jacket,Apparel,North,6,23424.0
2025-10-18,Air Fryer,Appliances,East,1,8029.0
2025-11-07,Running Shoes,Apparel,North,8,54696.0
2025-05-31,Running Shoes,Apparel,East,1,5605.0
2025-11-30,Study Desk,Furniture,South,2,50506.0
2025-09-15,Office Chair,Furniture,East,2,33332.0
2025-07-29,Laptop,Electronics,North,6,551190.0
2025-09-07,Microwave,Appliances,North,3,23262.0
2025-07-01,Backpack,Stationery,East,1,2476.0
2025-10-07,Running Shoes,Apparel,South,4,30144.0
2025-02-09,Bookshelf,Furniture,Central,1,8303.0
2025-11-30,T-Shirt,Apparel,North,1,1626.0
2025-06-18,T-Shirt,Apparel,North,4,7996.0
2025-03-28,Office Chair,Furniture,North,3,43911.0
2025-01-18,Smartphone,Electronics,South,2,76708.0
2025-08-08,Study Desk,Furniture,North,3,49587.0
2025-02-27,T-Shirt,Apparel,South,5,3970.0
2025-02-20,Running Shoes,Apparel,Central,1,6738.0
2025-01-22,Running Shoes,Apparel,North,2,17076.0
2025-04-20,Study Desk,Furniture,South,3,56217.0
2025-02-06,Notebook Set,Stationery,Central,1,471.0
2025-09-23,Office Chair,Furniture,North,2,24484.0
2025-01-09,Air Fryer,Appliances,Central,1,9374.0
2025-01-26,Notebook Set,Stationery,South,1,743.0
2025-12-16,Smartphone,Electronics,North,2,116242.0
2025-07-12,Bookshelf,Furniture,West,1,9349.0
2025-03-15,T-Shirt,Apparel,South,3,4446.0
2025-05-02,Blender,Appliances,East,2,15762.0
2025-12-07,T-Shirt,Apparel,South,2,1980.0
2025-07-26,Backpack,Stationery,Central,1,3374.0
2025-02-18,Running Shoes,Apparel,Central,1,4326.0
2025-08-07,Bookshelf,Furniture,North,2,16836.0
2025-02-02,T-Shirt,Apparel,East,1,1046.0
2025-06-28,Backpack,Stationery,South,3,7809.0
2025-10-08,Notebook Set,Stationery,North,1,303.0
2025-10-29,Bookshelf,Furniture,West,2,14698.0
2025-12-07,Headphones,Electronics,West,4,21312.0
2025-10-31,Notebook Set,Stationery,South,4,2300.0
2025-06-24,Backpack,Stationery,East,1,3227.0
2025-07-01,Blender,Appliances,South,2,13474.0
2025-11-13,Laptop,Electronics,North,1,85402.0
2025-06-28,Office Chair,Furniture,North,4,54208.0
2025-11-25,Bookshelf,Furniture,Central,1,9997.0
2025-10-06,Microwave,Appliances,South,3,49743.0
2025-11-12,Blender,Appliances,East,5,49550.0
2025-08-04,Microwave,Appliances,Central,1,11836.0
2025-10-19,Laptop,Electronics,North,2,193990.0
2025-06-29,Office Chair,Furniture,South,1,12261.0
2025-04-22,Laptop,Electronics,East,3,230013.0
2025-11-05,Microwave,Appliances,East,5,42915.0
2025-05-18,Bookshelf,Furniture,North,1,9348.0
2025-06-17,Blender,Appliances,South,6,47382.0
2025-05-30,Office Chair,Furniture,North,3,45633.0
2025-10-18,Office Chair,Furniture,South,2,16434.0
2025-11-26,Blender,Appliances,West,1,8252.0
2025-04-13,Study Desk,Furniture,West,6,134610.0
2025-04-16,Smartphone,Electronics,South,2,108276.0
2025-09-12,Bookshelf,Furniture,Central,4,42720.0
2025-11-09,Office Chair,Furniture,East,2,16842.0
2025-01-31,Running Shoes,Apparel,Central,1,3619.0
2025-11-13,Running Shoes,Apparel,South,4,23740.0
2025-08-21,Backpack,Stationery,South,3,5007.0
2025-03-16,Backpack,Stationery,East,1,3174.0
2025-11-28,Bookshelf,Furniture,North,5,37815.0
2025-10-01,Laptop,Electronics,North,2,158180.0
2025-09-05,Backpack,Stationery,West,3,10500.0
2025-07-21,Blender,Appliances,South,3,22326.0
2025-11-30,T-Shirt,Apparel,East,2,1856.0
2025-12-16,Microwave,Appliances,South,4,63624.0
2025-08-17,Bookshelf,Furniture,West,4,31224.0
2025-08-19,Study Desk,Furniture,North,5,86465.0
2025-02-23,Laptop,Electronics,North,1,80881.0
2025-12-19,Smartphone,Electronics,South,5,321020.0
2025-10-23,Notebook Set,Stationery,East,2,678.0
2025-07-11,Headphones,Electronics,North,2,9136.0
2025-12-06,Notebook Set,Stationery,East,2,908.0
2025-12-24,Blender,Appliances,South,2,12264.0
2025-12-19,Notebook Set,Stationery,West,4,2880.0
2025-04-30,T-Shirt,Apparel,South,2,2930.0
2025-07-15,Laptop,Electronics,South,1,96373.0
2025-12-01,Jacket,Apparel,South,5,22060.0
2025-06-28,Blender,Appliances,South,1,5544.0
2025-01-23,T-Shirt,Apparel,South,1,731.0
2025-10-31,Laptop,Electronics,Central,8,743640.0
2025-04-25,Air Fryer,Appliances,North,1,12441.0
2025-10-04,Laptop,Electronics,South,4,351644.0
2025-11-09,Bookshelf,Furniture,West,1,10800.0
2025-09-17,Air Fryer,Appliances,North,3,19731.0
2025-09-28,Headphones,Electronics,East,4,22976.0
2025-04-07,Study Desk,Furniture,North,1,18067.0
2025-05-24,Backpack,Stationery,East,3,8676.0
2025-12-04,Backpack,Stationery,North,5,18185.0
2025-10-23,Laptop,Electronics,Central,4,385208.0
2025-04-30,Notebook Set,Stationery,East,2,506.0
2025-04-15,Running Shoes,Apparel,South,3,20157.0
2025-04-13,Running Shoes,Apparel,North,4,22804.0
2025-04-11,Blender,Appliances,East,4,18564.0
2025-08-04,Headphones,Electronics,North,6,25374.0
2025-12-21,Notebook Set,Stationery,West,1,401.0
2025-02-18,T-Shirt,Apparel,North,1,1351.0
2025-09-21,Microwave,Appliances,South,3,36537.0
2025-05-28,T-Shirt,Apparel,North,3,4587.0
2025-12-15,Air Fryer,Appliances,Central,2,21726.0
2025-04-19,Running Shoes,Apparel,North,2,6644.0
2025-08-08,Study Desk,Furniture,Central,7,89033.0
2025-05-06,Running Shoes,Apparel,North,4,20012.0
2025-09-09,Microwave,Appliances,East,5,51885.0
2025-09-23,Bookshelf,Furniture,West,1,11185.0
2025-09-21,Microwave,Appliances,South,5,70890.0
2025-09-27,Running Shoes,Apparel,North,4,17788.0
2025-06-12,Headphones,Electronics,North,2,5380.0
2025-05-24,Running Shoes,Apparel,East,1,5334.0
2025-12-20,Blender,Appliances,South,2,10182.0
2025-10-04,Study Desk,Furniture,East,2,40032.0
2025-03-24,Blender,Appliances,South,1,9369.0
2025-01-18,Office Chair,Furniture,South,1,13801.0
2025-10-16,Smartphone,Electronics,South,4,198332.0
2025-05-20,Office Chair,Furniture,South,3,38040.0
2025-06-11,Smartphone,Electronics,East,2,89254.0
2025-06-24,Air Fryer,Appliances,South,1,13600.0
2025-08-04,Bookshelf,Furniture,South,1,8465.0
2025-09-03,Backpack,Stationery,South,4,14200.0
2025-04-03,Laptop,Electronics,North,2,140460.0
2025-08-18,Bookshelf,Furniture,North,1,12810.0
2025-01-02,Jacket,Apparel,East,1,6863.0
2025-11-04,Study Desk,Furniture,West,2,40856.0
2025-10-02,Bookshelf,Furniture,Central,2,19840.0
2025-08-14,Running Shoes,Apparel,North,5,31375.0
2025-09-10,Notebook Set,Stationery,South,2,826.0
2025-03-21,Notebook Set,Stationery,South,4,1284.0
2025-04-27,Microwave,Appliances,North,3,44016.0
2025-03-21,Jacket,Apparel,North,1,8251.0
2025-08-08,Blender,Appliances,West,4,34960.0
2025-01-12,Microwave,Appliances,South,3,36018.0
2025-06-10,Smartphone,Electronics,West,2,88530.0
2025-10-01,Air Fryer,Appliances,West,2,21572.0
2025-01-15,Bookshelf,Furniture,East,1,10326.0
2025-05-18,Bookshelf,Furniture,North,2,20034.0
2025-11-30,Office Chair,Furniture,South,8,122088.0
2025-08-10,Notebook Set,Stationery,North,3,792.0
2025-02-16,Office Chair,Furniture,North,2,21888.0
2025-08-07,Microwave,Appliances,Central,1,13948.0
2025-01-27,Headphones,Electronics,East,1,6059.0
2025-02-01,Notebook Set,Stationery,South,1,727.0
2025-06-19,T-Shirt,Apparel,North,4,4752.0
2025-09-28,Laptop,Electronics,,2,158386.0
2025-05-16,Office Chair,Furniture,North,2,29192.0
2025-03-28,Study Desk,Furniture,North,1,18251.0
2025-09-16,Air Fryer,Appliances,South,6,68148.0
2025-05-17,Backpack,Stationery,South,3,10056.0
2025-01-18,Jacket,Apparel,East,2,12010.0
2025-02-19,Running Shoes,Apparel,North,1,3749.0
2025-09-26,Backpack,Stationery,Central,1,2173.0
2025-12-24,T-Shirt,Apparel,West,4,7784.0
2025-01-26,Bookshelf,Furniture,West,4,49836.0
2025-02-23,Office Chair,Furniture,West,3,37161.0
2025-11-05,Smartphone,Electronics,,7,428470.0
2025-03-20,Running Shoes,Apparel,South,4,22052.0
2025-01-03,Blender,Appliances,North,5,32005.0
2025-12-31,Office Chair,Furniture,North,1,12581.0
2025-08-30,Running Shoes,Apparel,North,6,37530.0
2025-03-30,Jacket,Apparel,North,6,12948.0
2025-10-21,Study Desk,Furniture,North,4,64028.0
2025-03-18,Office Chair,Furniture,South,1,11754.0
2025-02-11,Study Desk,Furniture,North,3,42234.0
2025-10-17,Study Desk,Furniture,Central,5,95365.0
2025-10-14,Air Fryer,Appliances,North,4,30528.0
2025-04-24,Office Chair,Furniture,North,5,50260.0
2025-12-05,Headphones,Electronics,South,4,14768.0
2025-09-20,Laptop,Electronics,North,1,80357.0
2025-09-27,Microwave,Appliances,West,2,29458.0
2025-09-24,Microwave,Appliances,North,2,32214.0
2025-03-21,Study Desk,Furniture,North,3,63792.0
2025-01-15,Microwave,Appliances,East,1,13971.0
2025-07-06,Backpack,Stationery,West,2,3818.0
2025-10-23,Laptop,Electronics,West,4,333468.0
2025-01-08,Office Chair,Furniture,North,2,18086.0
2025-02-04,T-Shirt,Apparel,North,5,11140.0
2025-09-24,Notebook Set,Stationery,South,4,2336.0
2025-10-01,Smartphone,Electronics,West,4,192892.0
2025-09-04,Backpack,Stationery,South,4,6560.0
2025-05-20,Backpack,Stationery,West,3,6384.0
2025-09-18,Notebook Set,Stationery,North,3,1764.0
2025-09-05,Office Chair,Furniture,Central,2,16030.0
2025-12-06,T-Shirt,Apparel,East,4,4668.0
2025-07-13,Running Shoes,Apparel,West,5,32190.0
2025-11-16,Running Shoes,Apparel,North,4,38576.0
2025-07-29,Office Chair,Furniture,North,4,48476.0
2025-08-13,Bookshelf,Furniture,South,3,16347.0
2025-03-16,Blender,Appliances,Central,3,6885.0
2025-08-29,Jacket,Apparel,South,2,9116.0
2025-08-20,Headphones,Electronics,South,4,23484.0
2025-02-13,T-Shirt,Apparel,South,1,629.0
2025-06-18,Study Desk,Furniture,North,3,36381.0
2025-03-16,Bookshelf,Furniture,North,8,83608.0
2025-04-22,Air Fryer,Appliances,South,7,59346.0
2025-08-31,Laptop,Electronics,East,1,131153.0
2025-06-07,Study Desk,Furniture,East,2,37012.0
2025-09-11,Study Desk,Furniture,East,3,30636.0
2025-11-16,Running Shoes,Apparel,North,2,15444.0
2025-02-28,Bookshelf,Furniture,South,1,10410.0
2025-11-14,T-Shirt,Apparel,North,1,1476.0
2025-03-10,T-Shirt,Apparel,East,4,4068.0
2025-06-12,Smartphone,Electronics,South,5,291840.0
2025-03-10,Blender,Appliances,South,4,42240.0
2025-07-02,Study Desk,Furniture,West,2,52484.0
2025-03-17,Study Desk,Furniture,North,5,59530.0
2025-08-01,Blender,Appliances,North,5,25625.0
2025-11-19,Office Chair,Furniture,North,4,33660.0
2025-05-28,Jacket,Apparel,South,2,15746.0
2025-08-08,Office Chair,Furniture,Central,5,60570.0
2025-02-10,Office Chair,Furniture,Central,3,30381.0
2025-10-29,Notebook Set,Stationery,West,7,2177.0
2025-05-20,T-Shirt,Apparel,North,4,5784.0
2025-02-05,Notebook Set,Stationery,North,3,2091.0
2025-05-13,Smartphone,Electronics,South,2,116842.0
2025-03-17,T-Shirt,Apparel,Central,3,2355.0
2025-01-14,Air Fryer,Appliances,North,1,14714.0
2025-06-07,Backpack,Stationery,South,3,12399.0
2025-12-03,Blender,Appliances,Central,7,50897.0
2025-08-02,Microwave,Appliances,East,1,10950.0
2025-07-29,Notebook Set,Stationery,South,1,341.0
2025-03-28,Jacket,Apparel,South,2,17934.0
2025-04-06,Jacket,Apparel,South,5,38195.0
2025-10-19,Study Desk,Furniture,North,1,15732.0
2025-06-03,T-Shirt,Apparel,West,6,9696.0
2025-03-06,Microwave,Appliances,West,4,58392.0
2025-08-02,Smartphone,Electronics,North,3,174642.0
2025-03-23,Office Chair,Furniture,North,3,41751.0
2025-07-28,Backpack,Stationery,South,1,3548.0
2025-06-23,Laptop,Electronics,West,6,487620.0
2025-08-05,Blender,Appliances,South,2,14004.0
2025-08-18,Jacket,Apparel,North,2,13272.0
2025-01-20,Headphones,Electronics,South,4,20836.0
2025-03-17,Office Chair,Furniture,North,3,36144.0
2025-03-25,Bookshelf,Furniture,South,1,10367.0
2025-05-07,Microwave,Appliances,West,4,74676.0
2025-04-21,Laptop,Electronics,North,6,375222.0
2025-12-02,Blender,Appliances,West,1,7864.0
2025-10-24,Backpack,Stationery,East,2,8306.0
2025-03-03,Backpack,Stationery,East,5,16265.0
2025-02-26,Laptop,Electronics,South,2,170172.0
2025-03-08,Office Chair,Furniture,Central,1,9382.0
2025-07-10,Office Chair,Furniture,West,5,76355.0
2025-01-13,Blender,Appliances,South,2,15926.0
2025-02-25,T-Shirt,Apparel,South,1,1416.0
2025-11-13,Laptop,Electronics,North,2,168314.0
2025-02-02,Backpack,Stationery,North,3,9441.0
2025-05-09,Office Chair,Furniture,North,1,9613.0
2025-04-08,Smartphone,Electronics,West,2,73666.0
2025-09-03,Jacket,Apparel,South,2,13724.0
2025-06-06,Bookshelf,Furniture,West,4,44436.0
2025-11-07,Laptop,Electronics,East,9,754875.0
2025-03-07,Headphones,Electronics,North,2,9518.0
2025-12-09,Backpack,Stationery,North,1,3288.0
2025-12-23,Running Shoes,Apparel,South,1,3189.0
2025-02-14,Blender,Appliances,Central,1,6525.0
2025-03-19,Office Chair,Furniture,Central,7,46802.0
2025-10-04,Study Desk,Furniture,North,1,21308.0
2025-07-12,Office Chair,Furniture,East,3,47463.0
2025-09-16,Microwave,Appliances,South,3,28560.0
2025-05-23,Microwave,Appliances,South,5,60845.0
2025-04-12,Blender,Appliances,Central,4,22512.0
2025-10-15,Headphones,Electronics,West,5,27570.0
2025-01-07,Headphones,Electronics,North,2,12658.0
2025-07-09,T-Shirt,Apparel,West,2,3192.0
2025-05-31,Bookshelf,Furniture,East,4,41164.0
2025-02-07,Notebook Set,Stationery,West,1,645.0
2025-12-19,Laptop,Electronics,West,1,69495.0
2025-08-25,Laptop,Electronics,South,1,99094.0
2025-10-08,Running Shoes,Apparel,North,3,16569.0
2025-01-01,T-Shirt,Apparel,South,2,3102.0
2025-12-30,Blender,Appliances,South,4,42636.0
2025-06-22,Laptop,Electronics,East,2,197730.0
2025-07-18,Running Shoes,Apparel,North,5,13710.0
2025-11-01,T-Shirt,Apparel,East,5,5915.0
2025-07-06,Air Fryer,Appliances,North,4,29732.0
2025-04-03,Study Desk,Furniture,North,2,37234.0
2025-02-18,Blender,Appliances,East,1,3577.0
2025-10-18,Smartphone,Electronics,North,5,268380.0
2025-11-14,Jacket,Apparel,North,5,43640.0
2025-01-25,Blender,Appliances,South,1,9054.0
2025-02-11,Backpack,Stationery,South,4,12296.0
2025-10-20,Jacket,Apparel,North,4,19244.0
2025-06-30,Microwave,Appliances,Central,4,77068.0
2025-09-10,Microwave,Appliances,Central,6,91878.0
2025-01-20,Backpack,Stationery,South,2,6106.0
2025-10-31,Jacket,Apparel,North,2,12530.0
2025-07-25,Study Desk,Furniture,West,3,73902.0
2025-05-30,Office Chair,Furniture,North,3,35073.0
2025-05-02,Notebook Set,Stationery,East,3,1896.0
2025-06-20,Running Shoes,Apparel,West,4,18712.0
2025-04-02,Microwave,Appliances,South,6,65574.0
2025-08-29,T-Shirt,Apparel,North,3,4329.0
2025-09-28,Headphones,Electronics,Central,2,9412.0
2025-01-31,Microwave,Appliances,East,1,16168.0
2025-11-02,Running Shoes,Apparel,West,2,14262.0
2025-11-13,Headphones,Electronics,South,9,46098.0
2025-12-13,Jacket,Apparel,East,4,30948.0
2025-01-16,Bookshelf,Furniture,South,4,36936.0
2025-08-26,Headphones,Electronics,South,7,41139.0
2025-11-30,Study Desk,Furniture,East,2,37798.0
2025-11-15,Backpack,Stationery,North,5,20555.0
2025-08-31,Notebook Set,Stationery,South,1,450.0
2025-11-20,Headphones,Electronics,Central,5,22580.0
2025-03-29,Air Fryer,Appliances,Central,3,35466.0
2025-12-10,Study Desk,Furniture,South,7,117782.0
2025-04-05,Laptop,Electronics,South,5,379670.0
2025-11-10,T-Shirt,Apparel,Central,4,4492.0
2025-02-01,Microwave,Appliances,North,1,13209.0
2025-10-03,Headphones,Electronics,North,5,24295.0
2025-11-30,Bookshelf,Furniture,Central,9,67833.0
2025-09-05,Laptop,Electronics,North,3,240261.0
2025-09-12,Air Fryer,Appliances,North,6,50100.0
2025-11-14,Running Shoes,Apparel,Central,4,19428.0
2025-04-06,Jacket,Apparel,South,5,45350.0
2025-12-26,Smartphone,Electronics,South,7,429317.0
2025-02-09,Blender,Appliances,West,3,23904.0
2025-10-05,Study Desk,Furniture,East,2,27948.0
2025-12-19,Notebook Set,Stationery,West,7,5278.0
2025-05-03,Backpack,Stationery,Central,2,6102.0
2025-09-06,Air Fryer,Appliances,Central,2,28928.0
2025-05-02,Laptop,Electronics,Central,4,470040.0
2025-03-04,Running Shoes,Apparel,West,5,33650.0
2025-09-08,Microwave,Appliances,West,4,53656.0
2025-07-29,Microwave,Appliances,North,2,30262.0
2025-02-11,Smartphone,Electronics,North,3,132144.0
2025-05-31,Smartphone,Electronics,West,5,286495.0
2025-09-22,Running Shoes,Apparel,North,5,19800.0
2025-01-25,Laptop,Electronics,West,2,247200.0
2025-02-13,Office Chair,Furniture,West,1,13830.0
2025-06-11,Laptop,Electronics,North,1,78960.0
2025-01-19,Smartphone,Electronics,North,3,212751.0
2025-11-22,Headphones,Electronics,North,4,11088.0
2025-11-21,Study Desk,Furniture,South,5,117655.0
2025-09-26,Study Desk,Furniture,North,1,18698.0
2025-10-23,Blender,Appliances,East,4,35824.0
2025-10-07,Headphones,Electronics,South,4,19532.0
2025-10-01,Study Desk,Furniture,North,7,135499.0
2025-10-12,Smartphone,Electronics,South,2,83706.0
2025-03-20,Air Fryer,Appliances,South,2,20680.0
2025-07-23,Office Chair,Furniture,East,4,43640.0
2025-12-05,Blender,Appliances,North,2,18734.0
2025-11-04,Study Desk,Furniture,Central,2,41276.0
2025-12-25,Office Chair,Furniture,West,5,66910.0
2025-12-27,Smartphone,Electronics,Central,2,110478.0
2025-08-30,Notebook Set,Stationery,West,4,824.0
2025-07-07,Air Fryer,Appliances,North,4,35464.0
2025-12-29,Blender,Appliances,East,2,17734.0
2025-03-02,Backpack,Stationery,North,6,17334.0
2025-12-20,Headphones,Electronics,North,2,5686.0
2025-10-23,Headphones,Electronics,West,4,15848.0
2025-12-29,Office Chair,Furniture,South,7,69881.0
2025-11-16,Backpack,Stationery,North,2,8126.0
2025-02-07,Backpack,Stationery,East,1,3149.0
2025-07-21,Laptop,Electronics,South,5,455995.0
2025-12-24,Microwave,Appliances,West,1,11765.0
2025-06-21,Smartphone,Electronics,North,1,62058.0
2025-03-18,Blender,Appliances,,3,22965.0
2025-01-13,Air Fryer,Appliances,Central,2,27570.0
2025-10-11,Smartphone,Electronics,South,2,119466.0
2025-05-02,Headphones,Electronics,Central,2,8816.0
2025-11-19,Study Desk,Furniture,East,4,75848.0
2025-03-10,Backpack,Stationery,South,2,5092.0
2025-08-23,Laptop,Electronics,West,7,747334.0
2025-10-28,Air Fryer,Appliances,North,4,39944.0
2025-05-16,Blender,Appliances,North,1,11292.0
2025-07-17,Headphones,Electronics,Central,3,11562.0
2025-11-26,Notebook Set,Stationery,East,2,960.0
2025-12-07,Study Desk,Furniture,South,2,47086.0
2025-05-01,Laptop,Electronics,South,3,291399.0
2025-02-16,Running Shoes,Apparel,West,2,10328.0
2025-12-28,Microwave,Appliances,West,4,43484.0
2025-06-29,Blender,Appliances,South,4,32244.0
2025-06-09,Microwave,Appliances,North,2,33538.0
2025-05-21,Headphones,Electronics,North,4,12736.0
2025-09-30,Air Fryer,Appliances,West,4,48348.0
2025-10-05,Blender,Appliances,South,1,4766.0
2025-04-30,T-Shirt,Apparel,West,9,12834.0
2025-02-10,Running Shoes,Apparel,North,1,6703.0
2025-12-02,Microwave,Appliances,East,1,17290.0
2025-01-10,Study Desk,Furniture,North,2,38224.0
2025-04-22,Blender,Appliances,West,9,75348.0
2025-03-31,T-Shirt,Apparel,South,6,8250.0
2025-01-19,Microwave,Appliances,Central,3,30798.0
2025-10-09,Headphones,Electronics,East,4,16396.0
2025-04-10,Study Desk,Furniture,North,3,63432.0
2025-02-13,Backpack,Stationery,North,4,14736.0
2025-01-04,Notebook Set,Stationery,Central,4,1068.0
2025-02-13,Blender,Appliances,South,3,19107.0
2025-08-29,Bookshelf,Furniture,North,1,6113.0
2025-01-29,Running Shoes,Apparel,North,1,2825.0
2025-06-16,Notebook Set,Stationery,South,3,1857.0
2025-05-29,Office Chair,Furniture,South,3,12795.0
2025-09-07,Headphones,Electronics,West,5,27560.0
2025-05-27,Bookshelf,Furniture,Central,1,8591.0
2025-12-02,Notebook Set,Stationery,West,1,520.0
2025-11-04,Study Desk,Furniture,North,9,174105.0
2025-04-21,Blender,Appliances,West,1,4582.0
2025-01-31,Bookshelf,Furniture,West,3,18864.0
2025-10-26,Study Desk,Furniture,West,3,56601.0
2025-07-24,Jacket,Apparel,Central,4,34628.0
2025-11-13,Microwave,Appliances,North,8,139832.0
2025-09-16,Headphones,Electronics,North,4,11260.0
2025-04-25,Laptop,Electronics,East,1,94290.0
2025-12-28,Headphones,Electronics,East,5,21935.0
2025-12-25,Study Desk,Furniture,West,1,20360.0
2025-10-16,Office Chair,Furniture,West,3,44994.0
2025-04-08,Smartphone,Electronics,North,2,126830.0
2025-07-23,Smartphone,Electronics,North,4,225752.0
2025-06-02,Jacket,Apparel,East,1,8151.0
2025-11-08,Jacket,Apparel,East,4,13008.0
2025-02-17,Laptop,Electronics,West,4,384944.0
2025-12-21,Jacket,Apparel,South,2,15404.0
2025-02-10,Study Desk,Furniture,East,1,13624.0
2025-02-16,Running Shoes,Apparel,West,4,18056.0
2025-01-09,T-Shirt,Apparel,North,1,1330.0
2025-01-17,Smartphone,Electronics,North,2,95720.0
2025-08-22,Headphones,Electronics,West,2,13594.0
2025-09-02,Microwave,Appliances,West,2,28336.0
2025-07-08,Backpack,Stationery,West,2,6676.0
2025-08-02,Smartphone,Electronics,South,5,257435.0
2025-10-15,Office Chair,Furniture,Central,5,69150.0
2025-11-18,Air Fryer,Appliances,North,2,28248.0
2025-11-16,Headphones,Electronics,East,7,40257.0
2025-07-23,Blender,Appliances,South,2,9598.0
2025-02-28,Running Shoes,Apparel,East,5,25910.0
2025-11-07,Smartphone,Electronics,North,5,198515.0
2025-06-02,Jacket,Apparel,North,3,16431.0
2025-01-14,Headphones,Electronics,West,3,12117.0
2025-01-24,Notebook Set,Stationery,North,2,400.0
2025-01-07,Backpack,Stationery,East,1,3720.0
2025-06-13,Headphones,Electronics,South,2,8608.0
2025-04-08,Microwave,Appliances,West,5,64690.0
2025-11-08,Backpack,Stationery,West,5,17705.0
2025-12-10,Backpack,Stationery,Central,4,8468.0
2025-12-08,Air Fryer,Appliances,North,5,54680.0
2025-03-24,Microwave,Appliances,East,2,39876.0
2025-07-23,Backpack,Stationery,North,3,9528.0
2025-12-10,Headphones,Electronics,South,2,9814.0
2025-04-04,Notebook Set,Stationery,West,4,2164.0
2025-02-03,T-Shirt,Apparel,North,3,2835.0
2025-04-21,Jacket,Apparel,South,6,59328.0
2025-08-07,T-Shirt,Apparel,South,5,8120.0
2025-02-07,Headphones,Electronics,West,3,15702.0
2025-03-08,Blender,Appliances,North,1,5135.0
2025-10-07,Air Fryer,Appliances,West,2,19810.0
2025-02-10,Smartphone,Electronics,North,2,112734.0
2025-11-29,Microwave,Appliances,North,5,56865.0
2025-08-06,Study Desk,Furniture,North,1,20472.0
2025-09-28,Laptop,Electronics,South,2,225738.0
2025-03-08,Microwave,Appliances,East,4,55228.0
2025-07-13,Office Chair,Furniture,Central,4,23980.0
2025-09-16,Smartphone,Electronics,Central,4,227340.0
2025-10-04,Air Fryer,Appliances,West,5,40110.0
2025-10-08,Microwave,Appliances,West,3,41427.0
2025-06-13,Running Shoes,Apparel,North,3,19245.0
2025-01-13,Air Fryer,Appliances,West,1,8826.0
2025-03-12,T-Shirt,Apparel,West,1,778.0
2025-02-19,Running Shoes,Apparel,Central,1,6790.0
2025-11-04,Backpack,Stationery,East,1,2488.0
2025-12-06,Air Fryer,Appliances,North,2,26738.0
2025-11-11,Backpack,Stationery,North,5,12365.0
2025-11-11,Bookshelf,Furniture,North,2,17938.0
2025-11-17,Jacket,Apparel,North,4,16512.0
2025-12-12,Bookshelf,Furniture,South,7,54999.0
2025-08-25,Bookshelf,Furniture,Central,1,10570.0
2025-04-03,Study Desk,Furniture,North,4,60776.0
2025-08-27,Headphones,Electronics,East,2,10692.0
2025-12-22,Air Fryer,Appliances,East,4,49572.0
2025-04-02,Study Desk,Furniture,South,1,16970.0
2025-05-27,Running Shoes,Apparel,Central,5,39315.0
2025-03-18,Office Chair,Furniture,South,3,34371.0
2025-08-26,Study Desk,Furniture,East,4,84476.0
2025-09-11,Jacket,Apparel,West,5,30970.0
2025-08-24,Blender,Appliances,Central,5,52655.0
2025-04-12,T-Shirt,Apparel,Central,3,4332.0
2025-02-08,Running Shoes,Apparel,Central,1,4867.0
2025-12-11,T-Shirt,Apparel,South,2,3774.0
2025-07-22,Microwave,Appliances,South,6,59904.0
2025-05-18,Notebook Set,Stationery,North,4,2032.0
2025-01-14,Laptop,Electronics,West,4,367548.0
2025-08-08,Microwave,Appliances,North,2,25992.0
2025-03-28,Backpack,Stationery,South,3,6495.0
2025-09-03,Headphones,Electronics,West,3,13314.0
2025-07-05,Microwave,Appliances,North,2,28468.0
2025-08-31,Jacket,Apparel,West,2,15000.0
2025-11-16,Laptop,Electronics,South,7,533351.0
2025-10-23,Blender,Appliances,East,5,29965.0
2025-11-19,T-Shirt,Apparel,North,2,2280.0
2025-05-01,Bookshelf,Furniture,Central,5,25815.0
2025-06-17,T-Shirt,Apparel,South,2,1088.0
2025-09-20,Air Fryer,Appliances,East,3,28554.0
2025-04-09,Air Fryer,Appliances,West,3,37236.0
2025-05-15,Smartphone,Electronics,North,5,186575.0
2025-12-21,Study Desk,Furniture,West,1,18141.0
2025-04-30,Running Shoes,Apparel,North,2,7516.0
2025-07-30,Blender,Appliances,North,4,29600.0
2025-01-24,Office Chair,Furniture,North,2,9232.0
2025-05-22,Smartphone,Electronics,West,1,49690.0
2025-12-20,Bookshelf,Furniture,North,5,43690.0
2025-05-13,Office Chair,Furniture,North,1,11464.0
2025-10-26,Notebook Set,Stationery,North,1,903.0
2025-10-12,Bookshelf,Furniture,East,1,10848.0
2025-12-31,Headphones,Electronics,West,2,12802.0
2025-01-28,Backpack,Stationery,East,1,3172.0
2025-02-05,T-Shirt,Apparel,West,2,2494.0
2025-12-28,Jacket,Apparel,South,2,9272.0
2025-04-21,Microwave,Appliances,,3,36564.0
2025-12-26,Backpack,Stationery,North,7,17773.0
2025-12-28,Headphones,Electronics,North,4,22404.0
2025-07-11,T-Shirt,Apparel,South,4,6364.0
2025-07-05,Microwave,Appliances,East,5,85420.0
2025-06-25,Microwave,Appliances,South,3,39627.0
2025-11-07,Bookshelf,Furniture,North,9,103284.0
2025-03-30,Notebook Set,Stationery,South,8,3552.0
2025-04-30,Study Desk,Furniture,South,4,62608.0
2025-03-03,Jacket,Apparel,Central,4,33916.0
2025-01-15,Backpack,Stationery,West,1,3344.0
2025-05-28,Microwave,Appliances,East,2,27044.0
2025-02-16,Notebook Set,Stationery,North,1,601.0
2025-04-16,Laptop,Electronics,West,4,381568.0
2025-07-09,Smartphone,Electronics,North,3,199116.0
2025-01-14,Microwave,Appliances,West,4,76060.0
2025-01-01,Headphones,Electronics,West,1,4178.0
2025-10-21,Air Fryer,Appliances,South,2,19956.0
2025-08-07,Laptop,Electronics,West,1,101018.0
2025-07-04,Microwave,Appliances,North,4,53796.0
2025-11-26,Microwave,Appliances,West,1,19426.0
2025-04-12,Office Chair,Furniture,Central,1,11617.0
2025-12-13,Notebook Set,Stationery,South,1,623.0
2025-06-02,Notebook Set,Stationery,North,2,1046.0
2025-07-24,Air Fryer,Appliances,North,3,34458.0
2025-09-20,Laptop,Electronics,North,4,459456.0
2025-11-02,T-Shirt,Apparel,South,2,2724.0
2025-06-04,Laptop,Electronics,North,2,158272.0
2025-01-25,Blender,Appliances,Central,2,15250.0
2025-07-30,T-Shirt,Apparel,East,2,3098.0
2025-09-03,Running Shoes,Apparel,North,1,4938.0
2025-09-15,Headphones,Electronics,West,3,13722.0
2025-08-26,Bookshelf,Furniture,Central,4,25320.0
2025-01-02,Running Shoes,Apparel,East,5,20320.0
2025-02-25,Laptop,Electronics,Central,3,255864.0
2025-09-11,Study Desk,Furniture,East,3,39087.0
2025-03-28,Study Desk,Furniture,East,7,102487.0
2025-10-02,Backpack,Stationery,North,4,13256.0
2025-02-08,Headphones,Electronics,North,2,13730.0
2025-03-21,Backpack,Stationery,North,2,7226.0
2025-01-20,T-Shirt,Apparel,East,1,1492.0
2025-09-19,Office Chair,Furniture,South,4,34760.0
2025-05-12,Office Chair,Furniture,Central,2,26328.0
2025-07-01,Blender,Appliances,West,2,12506.0
2025-01-27,Laptop,Electronics,West,2,167174.0
2025-07-17,Laptop,Electronics,West,2,220266.0
2025-10-04,Smartphone,Electronics,South,1,51449.0
2025-09-03,Microwave,Appliances,North,2,21850.0
2025-08-28,Laptop,Electronics,West,3,213423.0
2025-09-11,Running Shoes,Apparel,West,7,29267.0
2025-04-02,Microwave,Appliances,West,3,68265.0
2025-08-02,Bookshelf,Furniture,North,3,16269.0
2025-08-05,Office Chair,Furniture,West,2,28002.0
2025-07-30,Air Fryer,Appliances,South,3,45780.0
2025-09-14,Air Fryer,Appliances,West,1,8134.0
2025-12-27,Notebook Set,Stationery,South,12,7956.0
2025-10-12,Backpack,Stationery,South,1,3383.0
2025-02-27,Running Shoes,Apparel,North,3,21570.0
2025-11-18,T-Shirt,Apparel,North,1,1927.0
2025-05-10,Blender,Appliances,West,2,15930.0
2025-05-14,Headphones,Electronics,East,5,23305.0
2025-12-23,Notebook Set,Stationery,East,5,2815.0
2025-08-22,Blender,Appliances,North,1,8048.0
2025-09-03,Study Desk,Furniture,North,1,16043.0
2025-01-31,Study Desk,Furniture,East,3,50913.0
2025-08-03,Air Fryer,Appliances,North,5,55745.0
2025-08-01,Air Fryer,Appliances,South,1,11860.0
2025-02-02,Laptop,Electronics,West,1,71715.0
2025-03-18,Jacket,Apparel,South,1,7127.0
2025-01-26,Blender,Appliances,East,3,28668.0
2025-06-19,Backpack,Stationery,North,3,10755.0
2025-07-25,Backpack,Stationery,South,3,8097.0
2025-05-15,T-Shirt,Apparel,North,2,3146.0
2025-10-17,Laptop,Electronics,West,4,340324.0
2025-12-01,Office Chair,Furniture,South,7,115969.0
2025-11-07,Microwave,Appliances,South,1,15779.0
2025-07-31,Backpack,Stationery,South,4,8304.0
2025-05-26,Microwave,Appliances,East,4,43432.0
2025-09-20,Bookshelf,Furniture,North,4,33752.0
2025-04-21,Jacket,Apparel,Central,3,16131.0
2025-05-05,Notebook Set,Stationery,West,1,413.0
2025-04-08,Backpack,Stationery,South,1,3941.0
2025-09-28,Headphones,Electronics,South,2,7516.0
2025-05-29,Bookshelf,Furniture,Central,3,29169.0
2025-03-20,Study Desk,Furniture,North,3,22908.0
2025-05-18,Running Shoes,Apparel,North,1,3080.0
2025-07-13,Backpack,Stationery,South,1,4244.0
2025-04-03,Microwave,Appliances,West,1,13031.0
2025-03-07,Running Shoes,Apparel,Central,3,12243.0
2025-07-26,Notebook Set,Stationery,North,3,1182.0
2025-04-30,Notebook Set,Stationery,North,4,1900.0
2025-02-09,Study Desk,Furniture,South,3,57885.0
2025-10-14,Notebook Set,Stationery,North,3,1383.0
2025-03-28,Notebook Set,Stationery,East,6,1512.0
2025-04-15,T-Shirt,Apparel,South,2,2670.0
2025-04-22,Study Desk,Furniture,West,7,90391.0
2025-09-23,Notebook Set,Stationery,South,2,990.0
2025-09-21,Notebook Set,Stationery,West,1,407.0
2025-05-13,Air Fryer,Appliances,North,2,23108.0
2025-09-23,T-Shirt,Apparel,South,3,2841.0
2025-08-25,Backpack,Stationery,East,5,16395.0
2025-12-17,Air Fryer,Appliances,East,1,12759.0
2025-06-20,Blender,Appliances,West,5,31585.0
2025-06-13,Notebook Set,Stationery,South,1,242.0
2025-04-20,Office Chair,Furniture,South,4,40944.0
2025-11-14,Running Shoes,Apparel,North,2,16458.0
2025-04-12,Backpack,Stationery,North,4,12396.0
2025-02-04,Headphones,Electronics,West,1,4835.0
2025-11-24,Running Shoes,Apparel,South,2,9664.0
2025-10-04,Jacket,Apparel,North,4,19612.0
2025-08-31,Laptop,Electronics,Central,2,197654.0
2025-07-19,Laptop,Electronics,Central,4,413052.0
2025-12-03,Microwave,Appliances,West,7,104314.0
2025-03-09,Laptop,Electronics,West,2,169528.0
2025-03-05,Notebook Set,Stationery,South,2,1170.0
2025-04-06,Jacket,Apparel,West,7,32396.0
2025-05-09,Bookshelf,Furniture,Central,5,46565.0
2025-03-17,Blender,Appliances,North,3,22584.0
2025-06-01,Study Desk,Furniture,West,3,64245.0
2025-08-28,Laptop,Electronics,East,2,117772.0
2025-04-15,Laptop,Electronics,South,7,685489.0
2025-08-25,Study Desk,Furniture,North,5,66330.0
2025-08-17,Smartphone,Electronics,South,2,105274.0
2025-08-14,Notebook Set,Stationery,South,6,4878.0
2025-12-09,Office Chair,Furniture,South,7,93611.0
2025-08-05,Headphones,Electronics,South,1,6316.0
2025-09-08,Jacket,Apparel,North,2,11898.0
2025-12-05,Laptop,Electronics,West,4,459224.0
2025-04-26,Notebook Set,Stationery,East,5,3430.0
2025-06-05,Laptop,Electronics,West,2,156928.0
2025-02-20,T-Shirt,Apparel,North,3,6000.0
2025-12-14,Study Desk,Furniture,Central,4,69440.0
2025-02-17,Jacket,Apparel,East,4,26796.0
2025-02-04,Smartphone,Electronics,North,4,268400.0
2025-02-19,Office Chair,Furniture,North,4,47716.0
2025-06-11,Laptop,Electronics,East,3,326619.0
2025-10-17,Headphones,Electronics,North,1,3470.0
2025-08-09,Smartphone,Electronics,,1,45972.0
2025-08-03,Air Fryer,Appliances,North,3,34956.0
2025-09-05,T-Shirt,Apparel,South,4,5872.0
2025-06-11,Microwave,Appliances,South,3,38196.0
2025-09-22,Air Fryer,Appliances,East,3,33996.0
2025-09-01,Notebook Set,Stationery,South,3,1341.0
2025-07-11,Backpack,Stationery,North,1,2598.0
2025-05-05,Running Shoes,Apparel,South,1,7596.0
2025-10-12,Study Desk,Furniture,South,4,50572.0
2025-03-23,Laptop,Electronics,North,5,406975.0
2025-09-10,Notebook Set,Stationery,North,3,1920.0
2025-08-01,Jacket,Apparel,South,3,20742.0
2025-01-10,T-Shirt,Apparel,North,2,2970.0
2025-07-25,T-Shirt,Apparel,East,6,4326.0
2025-07-28,T-Shirt,Apparel,Central,1,1325.0
2025-01-14,Smartphone,Electronics,West,4,271572.0
2025-12-08,Backpack,Stationery,South,1,3274.0
2025-05-20,Headphones,Electronics,North,3,13236.0
2025-01-04,Jacket,Apparel,West,5,39305.0
2025-11-23,Air Fryer,Appliances,North,5,55820.0
2025-10-17,Air Fryer,Appliances,South,2,22330.0
2025-12-16,Microwave,Appliances,South,5,58385.0
2025-11-30,Air Fryer,Appliances,North,5,85040.0
2025-03-24,Headphones,Electronics,East,1,4057.0
2025-07-14,Running Shoes,Apparel,East,2,7930.0
2025-01-28,Blender,Appliances,North,1,7189.0
2025-11-24,Smartphone,Electronics,North,5,340295.0
2025-12-18,Backpack,Stationery,North,1,2755.0
2025-07-15,Air Fryer,Appliances,Central,2,23646.0
2025-04-17,Laptop,Electronics,South,2,176636.0
2025-12-28,Running Shoes,Apparel,South,2,17968.0
2025-06-17,Headphones,Electronics,East,5,32630.0
2025-08-08,Running Shoes,Apparel,South,7,35161.0
2025-01-06,Headphones,Electronics,South,5,23645.0
2025-07-29,Running Shoes,Apparel,Central,4,13412.0
2025-06-16,Running Shoes,Apparel,North,6,41010.0
2025-09-30,Jacket,Apparel,South,2,10812.0
2025-01-24,Air Fryer,Appliances,North,1,8517.0
2025-01-04,Smartphone,Electronics,East,1,51412.0
2025-11-23,Microwave,Appliances,East,1,15392.0
2025-06-26,Backpack,Stationery,North,5,20395.0
2025-12-11,Headphones,Electronics,North,1,4672.0
2025-02-04,Bookshelf,Furniture,North,1,8351.0
2025-07-04,Microwave,Appliances,North,4,27172.0
2025-02-18,Blender,Appliances,East,1,9754.0
2025-06-17,Smartphone,Electronics,West,1,78899.0
2025-08-02,Bookshelf,Furniture,West,1,10796.0
2025-12-15,Laptop,Electronics,West,1,49590.0
2025-06-29,Laptop,Electronics,North,2,104870.0
2025-08-29,Notebook Set,Stationery,North,4,2060.0
2025-07-01,Study Desk,Furniture,East,1,19108.0
2025-05-16,T-Shirt,Apparel,South,1,1163.0
2025-07-03,Air Fryer,Appliances,North,1,12196.0
2025-09-20,Bookshelf,Furniture,West,2,15704.0
2025-12-02,Air Fryer,Appliances,West,7,57911.0
2025-02-05,Office Chair,Furniture,West,4,59264.0
2025-04-30,Headphones,Electronics,South,2,8402.0
2025-07-21,Backpack,Stationery,East,2,6052.0
2025-10-04,Smartphone,Electronics,North,3,157029.0
2025-06-12,Blender,Appliances,East,3,36984.0
2025-05-12,Notebook Set,Stationery,East,3,1332.0
2025-12-12,Blender,Appliances,East,1,6596.0
2025-06-19,Study Desk,Furniture,North,2,35878.0
2025-07-19,Blender,Appliances,Central,2,11764.0
2025-10-23,T-Shirt,Apparel,North,2,2874.0
2025-03-03,Headphones,Electronics,North,2,8188.0
2025-01-20,Backpack,Stationery,South,1,3544.0
2025-10-13,Laptop,Electronics,West,5,349115.0
2025-06-14,Running Shoes,Apparel,East,4,13824.0
2025-04-19,Air Fryer,Appliances,North,6,78162.0
2025-02-10,Headphones,Electronics,Central,3,13128.0
2025-01-22,Smartphone,Electronics,South,3,150174.0
2025-11-14,Bookshelf,Furniture,North,5,42085.0
2025-11-26,Microwave,Appliances,South,5,80040.0
2025-09-09,Bookshelf,Furniture,South,5,26620.0
2025-12-06,Backpack,Stationery,South,4,8412.0
2025-06-24,Air Fryer,Appliances,South,2,28094.0
2025-08-10,Smartphone,Electronics,North,3,170268.0
2025-10-19,Backpack,Stationery,East,1,3162.0
2025-05-18,Jacket,Apparel,North,2,3790.0
2025-12-09,Notebook Set,Stationery,South,1,223.0
2025-06-15,Running Shoes,Apparel,Central,2,7566.0
2025-11-22,Laptop,Electronics,East,2,207372.0
2025-09-23,Blender,Appliances,East,6,20568.0
2025-03-26,Air Fryer,Appliances,North,1,14124.0
2025-03-25,Office Chair,Furniture,West,6,81384.0
2025-09-19,Bookshelf,Furniture,West,3,30528.0
2025-02-02,Running Shoes,Apparel,Central,2,13966.0
2025-05-24,Bookshelf,Furniture,South,1,9672.0
2025-09-07,Blender,Appliances,South,5,35525.0
2025-03-09,Laptop,Electronics,East,3,218631.0
2025-02-11,Smartphone,Electronics,South,3,177183.0
2025-06-05,Study Desk,Furniture,Central,3,52914.0
2025-01-11,Blender,Appliances,North,1,6168.0
2025-01-24,Smartphone,Electronics,North,1,76421.0
2025-01-18,Notebook Set,Stationery,South,3,1506.0
2025-06-08,Headphones,Electronics,South,4,3824.0
2025-10-02,Backpack,Stationery,North,4,9816.0
2025-03-25,Office Chair,Furniture,North,3,47772.0
